Workbook

Sheet Instructions
A1: TEXNICA TPCS 1.0 — FABRIC CONTROL WORKBOOK
A3: Purpose | B3: Operational workbook for FGPO, fabric requirement, purchasing, mill production, shipment, Texnica receiving, testing, approval, inventory and cutting issuance.
A4: 1. Start | B4: Create the customer order in FGPO Master. If no official number exists, select FGPO Pending and use a unique Temporary Order ID.
A5: 2. Requirement | B5: Enter style consumption in Fabric Requirement. Gross and net purchase quantities calculate automatically.
A6: 3. Purchase | B6: Create Fabric PO records and allocate ordered quantities to FGPOs.
A7: 4. Mill | B7: Update production by Fabric PO, FGPO and Lot. Record the mill test separately.
A8: 5. Logistics | B8: Record fabric shipment and In Transit quantities by Lot.
A9: 6. Receiving | B9: Receive at Texnica by shipment and then by individual Roll.
A10: 7. Quality | B10: Complete Four-Point, Internal Test and Shade Match records.
A11: 8. Approval | B11: Fabric Approval calculates whether all gates are passed before Release for Cutting.
A12: 9. Inventory | B12: Fabric Inventory consolidates approved, hold, reserved, issued, returned and available quantities.
A13: 10. Cutting | B13: Issue only approved and available fabric to cutting.
A14: Shipment Variance | B14: Total Shipped Quantity − Order Quantity. Negative = pending; positive = over-shipment.
... A19: Capacity | B19: Each operational sheet provides 300 working rows.

Sheet Dashboard
A1: TEXNICA PRODUCTION CONTROL SYSTEM — MASTER DASHBOARD
A2: Customer PO visibility from material development through shipment. Click sheet tabs for full operational detail.
A4: Open FGPO | D4: Order Quantity | G4: Cut Quantity | J4: Sewing Output | M4: Packed Quantity | P4: In Transit | S4: Customer Received
A5: =COUNTA('FGPO Master'!A5:A304)-COUNTIF('FGPO Master'!D5:D304,"Closed") -> 0 | D5: =SUM('FGPO Master'!H5:H304) -> 0 | G5: =SUM('Cutting Control'!K5:K304) -> 0 | J5: =SUM('Sewing Production'!L5:L304) -> 0 | M5: =SUM('Packing Control'!K5:K304) -> 0 | P5: =SUM('Shipment Control'!I5:I304) -> 0 | S5: =SUM('Shipment Control'!J5:J304) -> 0
A10: FGPO | B10: Style | C10: Color | D10: Order Qty | E10: Fabric Status | F10: Trims Status | G10: PP Sample | H10: PRR | I10: Cutting Release | J10: Cut Qty | K10: TOP Sample | L10: Sewing Qty | M10: Inline QC | N10: Final QC | O10: Packed Qty | P10: Ready to Ship | Q10: In Transit | R10: Received Qty | S10: Shipment Variance | T10: Ship Date | U10: Risk | V10: Last Updated
A11: =IF('FGPO Master'!A5="","",IF('FGPO Master'!D5="FGPO Pending","FGPO Pending",'FGPO Master'!B5)) | B11: =IF('FGPO Master'!A5="","",'FGPO Master'!F5) | C11: =IF('FGPO Master'!A5="","",'FGPO Master'!G5) | D11: =IF('FGPO Master'!A5="","",'FGPO Master'!H5) | E11: =IF(A11="","",IF(SUMIF('Fabric Inventory'!$C$5:$C$304,A11,'Fabric Inventory'!$O$5:$O$304)>0,"Shortage",IF(SUMIF('Fabric Inventory'!$C$5:$C$304,A11,'Fabric Inventory'!$H$5:$H$304)>0,"Approved","Pending"))) | F11: =IF(A11="","",IF(SUMIF('Trims Control'!$B$5:$B$304,A11,'Trims Control'!$R$5:$R$304)>0,"Shortage",IF(COUNTIFS('Trims Control'!$B$5:$B$304,A11,'Trims Control'!$V$5:$V$304,"Ready")>0,"Ready","Pending"))) | G11: =IF(A11="","",IFERROR(INDEX('PP Sample'!$V$5:$V$304,MATCH(A11,'PP Sample'!$B$5:$B$304,0)),"Pending")) | H11: =IF(A11="","",IFERROR(INDEX('Production Readiness'!$S$5:$S$304,MATCH(A11,'Production Readiness'!$C$5:$C$304,0)),"Pending")) | I11: =IF(A11="","",IFERROR(INDEX('Cutting Release'!$P$5:$P$304,MATCH(A11,'Cutting Release'!$C$5:$C$304,0)),"Pending")) | J11: =IF(A11="","",SUMIF('Cutting Control'!$C$5:$C$304,A11,'Cutting Control'!$K$5:$K$304)) | K11: =IF(A11="","",IFERROR(INDEX('TOP Sample'!$W$5:$W$304,MATCH(A11,'TOP Sample'!$B$5:$B$304,0)),"Pending")) | L11: =IF(A11="","",SUMIF('Sewing Production'!$E$5:$E$304,A11,'Sewing Production'!$L$5:$L$304)) | M11: =IF(A11="","",IFERROR(INDEX('Inline Quality'!$S$5:$S$304,MATCH(A11,'Inline Quality'!$E$5:$E$304,0)),"Pending")) | N11: =IF(A11="","",IFERROR(INDEX('Final Inspection'!$U$5:$U$304,MATCH(A11,'Final Inspection'!$C$5:$C$304,0)),"Pending")) | O11: =IF(A11="","",SUMIF('Packing Control'!$C$5:$C$304,A11,'Packing Control'!$K$5:$K$304)) | P11: =IF(A11="","",SUMIF('Finished Goods'!$C$5:$C$304,A11,'Finished Goods'!$J$5:$J$304)) | Q11: =IF(A11="","",SUMIF('Shipment Control'!$C$5:$C$304,A11,'Shipment Control'!$I$5:$I$304)) | R11: =IF(A11="","",SUMIF('Shipment Control'!$C$5:$C$304,A11,'Shipment Control'!$J$5:$J$304)) | S11: =IF(A11="","",Q11+R11-D11) | T11: =IF('FGPO Master'!A5="","",'FGPO Master'!I5) | U11: =IF(A11="","",IF(COUNTIF('Open Issues'!$D$5:$D$304,A11)>0,"Yellow","Green")) | V11: =IF('FGPO Master'!A5="","",'FGPO Master'!U5)
A12: =IF('FGPO Master'!A6="","",IF('FGPO Master'!D6="FGPO Pending","FGPO Pending",'FGPO Master'!B6)) | B12: =IF('FGPO Master'!A6="","",'FGPO Master'!F6) | C12: =IF('FGPO Master'!A6="","",'FGPO Master'!G6) | D12: =IF('FGPO Master'!A6="","",'FGPO Master'!H6) | E12: =IF(A12="","",IF(SUMIF('Fabric Inventory'!$C$5:$C$304,A12,'Fabric Inventory'!$O$5:$O$304)>0,"Shortage",IF(SUMIF('Fabric Inventory'!$C$5:$C$304,A12,'Fabric Inventory'!$H$5:$H$304)>0,"Approved","Pending"))) | F12: =IF(A12="","",IF(SUMIF('Trims Control'!$B$5:$B$304,A12,'Trims Control'!$R$5:$R$304)>0,"Shortage",IF(COUNTIFS('Trims Control'!$B$5:$B$304,A12,'Trims Control'!$V$5:$V$304,"Ready")>0,"Ready","Pending"))) | G12: =IF(A12="","",IFERROR(INDEX('PP Sample'!$V$5:$V$304,MATCH(A12,'PP Sample'!$B$5:$B$304,0)),"Pending")) | H12: =IF(A12="","",IFERROR(INDEX('Production Readiness'!$S$5:$S$304,MATCH(A12,'Production Readiness'!$C$5:$C$304,0)),"Pending")) | I12: =IF(A12="","",IFERROR(INDEX('Cutting Release'!$P$5:$P$304,MATCH(A12,'Cutting Release'!$C$5:$C$304,0)),"Pending")) | J12: =IF(A12="","",SUMIF('Cutting Control'!$C$5:$C$304,A12,'Cutting Control'!$K$5:$K$304)) | K12: =IF(A12="","",IFERROR(INDEX('TOP Sample'!$W$5:$W$304,MATCH(A12,'TOP Sample'!$B$5:$B$304,0)),"Pending")) | L12: =IF(A12="","",SUMIF('Sewing Production'!$E$5:$E$304,A12,'Sewing Production'!$L$5:$L$304)) | M12: =IF(A12="","",IFERROR(INDEX('Inline Quality'!$S$5:$S$304,MATCH(A12,'Inline Quality'!$E$5:$E$304,0)),"Pending")) | N12: =IF(A12="","",IFERROR(INDEX('Final Inspection'!$U$5:$U$304,MATCH(A12,'Final Inspection'!$C$5:$C$304,0)),"Pending")) | O12: =IF(A12="","",SUMIF('Packing Control'!$C$5:$C$304,A12,'Packing Control'!$K$5:$K$304)) | P12: =IF(A12="","",SUMIF('Finished Goods'!$C$5:$C$304,A12,'Finished Goods'!$J$5:$J$304)) | Q12: =IF(A12="","",SUMIF('Shipment Control'!$C$5:$C$304,A12,'Shipment Control'!$I$5:$I$304)) | R12: =IF(A12="","",SUMIF('Shipment Control'!$C$5:$C$304,A12,'Shipment Control'!$J$5:$J$304)) | S12: =IF(A12="","",Q12+R12-D12) | T12: =IF('FGPO Master'!A6="","",'FGPO Master'!I6) | U12: =IF(A12="","",IF(COUNTIF('Open Issues'!$D$5:$D$304,A12)>0,"Yellow","Green")) | V12: =IF('FGPO Master'!A6="","",'FGPO Master'!U6)
A13: =IF('FGPO Master'!A7="","",IF('FGPO Master'!D7="FGPO Pending","FGPO Pending",'FGPO Master'!B7)) | B13: =IF('FGPO Master'!A7="","",'FGPO Master'!F7) | C13: =IF('FGPO Master'!A7="","",'FGPO Master'!G7) | D13: =IF('FGPO Master'!A7="","",'FGPO Master'!H7) | E13: =IF(A13="","",IF(SUMIF('Fabric Inventory'!$C$5:$C$304,A13,'Fabric Inventory'!$O$5:$O$304)>0,"Shortage",IF(SUMIF('Fabric Inventory'!$C$5:$C$304,A13,'Fabric Inventory'!$H$5:$H$304)>0,"Approved","Pending"))) | F13: =IF(A13="","",IF(SUMIF('Trims Control'!$B$5:$B$304,A13,'Trims Control'!$R$5:$R$304)>0,"Shortage",IF(COUNTIFS('Trims Control'!$B$5:$B$304,A13,'Trims Control'!$V$5:$V$304,"Ready")>0,"Ready","Pending"))) | G13: =IF(A13="","",IFERROR(INDEX('PP Sample'!$V$5:$V$304,MATCH(A13,'PP Sample'!$B$5:$B$304,0)),"Pending")) | H13: =IF(A13="","",IFERROR(INDEX('Production Readiness'!$S$5:$S$304,MATCH(A13,'Production Readiness'!$C$5:$C$304,0)),"Pending")) | I13: =IF(A13="","",IFERROR(INDEX('Cutting Release'!$P$5:$P$304,MATCH(A13,'Cutting Release'!$C$5:$C$304,0)),"Pending")) | J13: =IF(A13="","",SUMIF('Cutting Control'!$C$5:$C$304,A13,'Cutting Control'!$K$5:$K$304)) | K13: =IF(A13="","",IFERROR(INDEX('TOP Sample'!$W$5:$W$304,MATCH(A13,'TOP Sample'!$B$5:$B$304,0)),"Pending")) | L13: =IF(A13="","",SUMIF('Sewing Production'!$E$5:$E$304,A13,'Sewing Production'!$L$5:$L$304)) | M13: =IF(A13="","",IFERROR(INDEX('Inline Quality'!$S$5:$S$304,MATCH(A13,'Inline Quality'!$E$5:$E$304,0)),"Pending")) | N13: =IF(A13="","",IFERROR(INDEX('Final Inspection'!$U$5:$U$304,MATCH(A13,'Final Inspection'!$C$5:$C$304,0)),"Pending")) | O13: =IF(A13="","",SUMIF('Packing Control'!$C$5:$C$304,A13,'Packing Control'!$K$5:$K$304)) | P13: =IF(A13="","",SUMIF('Finished Goods'!$C$5:$C$304,A13,'Finished Goods'!$J$5:$J$304)) | Q13: =IF(A13="","",SUMIF('Shipment Control'!$C$5:$C$304,A13,'Shipment Control'!$I$5:$I$304)) | R13: =IF(A13="","",SUMIF('Shipment Control'!$C$5:$C$304,A13,'Shipment Control'!$J$5:$J$304)) | S13: =IF(A13="","",Q13+R13-D13) | T13: =IF('FGPO Master'!A7="","",'FGPO Master'!I7) | U13: =IF(A13="","",IF(COUNTIF('Open Issues'!$D$5:$D$304,A13)>0,"Yellow","Green")) | V13: =IF('FGPO Master'!A7="","",'FGPO Master'!U7)
A14: =IF('FGPO Master'!A8="","",IF('FGPO Master'!D8="FGPO Pending","FGPO Pending",'FGPO Master'!B8)) | B14: =IF('FGPO Master'!A8="","",'FGPO Master'!F8) | C14: =IF('FGPO Master'!A8="","",'FGPO Master'!G8) | D14: =IF('FGPO Master'!A8="","",'FGPO Master'!H8) | E14: =IF(A14="","",IF(SUMIF('Fabric Inventory'!$C$5:$C$304,A14,'Fabric Inventory'!$O$5:$O$304)>0,"Shortage",IF(SUMIF('Fabric Inventory'!$C$5:$C$304,A14,'Fabric Inventory'!$H$5:$H$304)>0,"Approved","Pending"))) | F14: =IF(A14="","",IF(SUMIF('Trims Control'!$B$5:$B$304,A14,'Trims Control'!$R$5:$R$304)>0,"Shortage",IF(COUNTIFS('Trims Control'!$B$5:$B$304,A14,'Trims Control'!$V$5:$V$304,"Ready")>0,"Ready","Pending"))) | G14: =IF(A14="","",IFERROR(INDEX('PP Sample'!$V$5:$V$304,MATCH(A14,'PP Sample'!$B$5:$B$304,0)),"Pending")) | H14: =IF(A14="","",IFERROR(INDEX('Production Readiness'!$S$5:$S$304,MATCH(A14,'Production Readiness'!$C$5:$C$304,0)),"Pending")) | I14: =IF(A14="","",IFERROR(INDEX('Cutting Release'!$P$5:$P$304,MATCH(A14,'Cutting Release'!$C$5:$C$304,0)),"Pending")) | J14: =IF(A14="","",SUMIF('Cutting Control'!$C$5:$C$304,A14,'Cutting Control'!$K$5:$K$304)) | K14: =IF(A14="","",IFERROR(INDEX('TOP Sample'!$W$5:$W$304,MATCH(A14,'TOP Sample'!$B$5:$B$304,0)),"Pending")) | L14: =IF(A14="","",SUMIF('Sewing Production'!$E$5:$E$304,A14,'Sewing Production'!$L$5:$L$304)) | M14: =IF(A14="","",IFERROR(INDEX('Inline Quality'!$S$5:$S$304,MATCH(A14,'Inline Quality'!$E$5:$E$304,0)),"Pending")) | N14: =IF(A14="","",IFERROR(INDEX('Final Inspection'!$U$5:$U$304,MATCH(A14,'Final Inspection'!$C$5:$C$304,0)),"Pending")) | O14: =IF(A14="","",SUMIF('Packing Control'!$C$5:$C$304,A14,'Packing Control'!$K$5:$K$304)) | P14: =IF(A14="","",SUMIF('Finished Goods'!$C$5:$C$304,A14,'Finished Goods'!$J$5:$J$304)) | Q14: =IF(A14="","",SUMIF('Shipment Control'!$C$5:$C$304,A14,'Shipment Control'!$I$5:$I$304)) | R14: =IF(A14="","",SUMIF('Shipment Control'!$C$5:$C$304,A14,'Shipment Control'!$J$5:$J$304)) | S14: =IF(A14="","",Q14+R14-D14) | T14: =IF('FGPO Master'!A8="","",'FGPO Master'!I8) | U14: =IF(A14="","",IF(COUNTIF('Open Issues'!$D$5:$D$304,A14)>0,"Yellow","Green")) | V14: =IF('FGPO Master'!A8="","",'FGPO Master'!U8)
A15: =IF('FGPO Master'!A9="","",IF('FGPO Master'!D9="FGPO Pending","FGPO Pending",'FGPO Master'!B9)) | B15: =IF('FGPO Master'!A9="","",'FGPO Master'!F9) | C15: =IF('FGPO Master'!A9="","",'FGPO Master'!G9) | D15: =IF('FGPO Master'!A9="","",'FGPO Master'!H9) | E15: =IF(A15="","",IF(SUMIF('Fabric Inventory'!$C$5:$C$304,A15,'Fabric Inventory'!$O$5:$O$304)>0,"Shortage",IF(SUMIF('Fabric Inventory'!$C$5:$C$304,A15,'Fabric Inventory'!$H$5:$H$304)>0,"Approved","Pending"))) | F15: =IF(A15="","",IF(SUMIF('Trims Control'!$B$5:$B$304,A15,'Trims Control'!$R$5:$R$304)>0,"Shortage",IF(COUNTIFS('Trims Control'!$B$5:$B$304,A15,'Trims Control'!$V$5:$V$304,"Ready")>0,"Ready","Pending"))) | G15: =IF(A15="","",IFERROR(INDEX('PP Sample'!$V$5:$V$304,MATCH(A15,'PP Sample'!$B$5:$B$304,0)),"Pending")) | H15: =IF(A15="","",IFERROR(INDEX('Production Readiness'!$S$5:$S$304,MATCH(A15,'Production Readiness'!$C$5:$C$304,0)),"Pending")) | I15: =IF(A15="","",IFERROR(INDEX('Cutting Release'!$P$5:$P$304,MATCH(A15,'Cutting Release'!$C$5:$C$304,0)),"Pending")) | J15: =IF(A15="","",SUMIF('Cutting Control'!$C$5:$C$304,A15,'Cutting Control'!$K$5:$K$304)) | K15: =IF(A15="","",IFERROR(INDEX('TOP Sample'!$W$5:$W$304,MATCH(A15,'TOP Sample'!$B$5:$B$304,0)),"Pending")) | L15: =IF(A15="","",SUMIF('Sewing Production'!$E$5:$E$304,A15,'Sewing Production'!$L$5:$L$304)) | M15: =IF(A15="","",IFERROR(INDEX('Inline Quality'!$S$5:$S$304,MATCH(A15,'Inline Quality'!$E$5:$E$304,0)),"Pending")) | N15: =IF(A15="","",IFERROR(INDEX('Final Inspection'!$U$5:$U$304,MATCH(A15,'Final Inspection'!$C$5:$C$304,0)),"Pending")) | O15: =IF(A15="","",SUMIF('Packing Control'!$C$5:$C$304,A15,'Packing Control'!$K$5:$K$304)) | P15: =IF(A15="","",SUMIF('Finished Goods'!$C$5:$C$304,A15,'Finished Goods'!$J$5:$J$304)) | Q15: =IF(A15="","",SUMIF('Shipment Control'!$C$5:$C$304,A15,'Shipment Control'!$I$5:$I$304)) | R15: =IF(A15="","",SUMIF('Shipment Control'!$C$5:$C$304,A15,'Shipment Control'!$J$5:$J$304)) | S15: =IF(A15="","",Q15+R15-D15) | T15: =IF('FGPO Master'!A9="","",'FGPO Master'!I9) | U15: =IF(A15="","",IF(COUNTIF('Open Issues'!$D$5:$D$304,A15)>0,"Yellow","Green")) | V15: =IF('FGPO Master'!A9="","",'FGPO Master'!U9)
A16: =IF('FGPO Master'!A10="","",IF('FGPO Master'!D10="FGPO Pending","FGPO Pending",'FGPO Master'!B10)) | B16: =IF('FGPO Master'!A10="","",'FGPO Master'!F10) | C16: =IF('FGPO Master'!A10="","",'FGPO Master'!G10) | D16: =IF('FGPO Master'!A10="","",'FGPO Master'!H10) | E16: =IF(A16="","",IF(SUMIF('Fabric Inventory'!$C$5:$C$304,A16,'Fabric Inventory'!$O$5:$O$304)>0,"Shortage",IF(SUMIF('Fabric Inventory'!$C$5:$C$304,A16,'Fabric Inventory'!$H$5:$H$304)>0,"Approved","Pending"))) | F16: =IF(A16="","",IF(SUMIF('Trims Control'!$B$5:$B$304,A16,'Trims Control'!$R$5:$R$304)>0,"Shortage",IF(COUNTIFS('Trims Control'!$B$5:$B$304,A16,'Trims Control'!$V$5:$V$304,"Ready")>0,"Ready","Pending"))) | G16: =IF(A16="","",IFERROR(INDEX('PP Sample'!$V$5:$V$304,MATCH(A16,'PP Sample'!$B$5:$B$304,0)),"Pending")) | H16: =IF(A16="","",IFERROR(INDEX('Production Readiness'!$S$5:$S$304,MATCH(A16,'Production Readiness'!$C$5:$C$304,0)),"Pending")) | I16: =IF(A16="","",IFERROR(INDEX('Cutting Release'!$P$5:$P$304,MATCH(A16,'Cutting Release'!$C$5:$C$304,0)),"Pending")) | J16: =IF(A16="","",SUMIF('Cutting Control'!$C$5:$C$304,A16,'Cutting Control'!$K$5:$K$304)) | K16: =IF(A16="","",IFERROR(INDEX('TOP Sample'!$W$5:$W$304,MATCH(A16,'TOP Sample'!$B$5:$B$304,0)),"Pending")) | L16: =IF(A16="","",SUMIF('Sewing Production'!$E$5:$E$304,A16,'Sewing Production'!$L$5:$L$304)) | M16: =IF(A16="","",IFERROR(INDEX('Inline Quality'!$S$5:$S$304,MATCH(A16,'Inline Quality'!$E$5:$E$304,0)),"Pending")) | N16: =IF(A16="","",IFERROR(INDEX('Final Inspection'!$U$5:$U$304,MATCH(A16,'Final Inspection'!$C$5:$C$304,0)),"Pending")) | O16: =IF(A16="","",SUMIF('Packing Control'!$C$5:$C$304,A16,'Packing Control'!$K$5:$K$304)) | P16: =IF(A16="","",SUMIF('Finished Goods'!$C$5:$C$304,A16,'Finished Goods'!$J$5:$J$304)) | Q16: =IF(A16="","",SUMIF('Shipment Control'!$C$5:$C$304,A16,'Shipment Control'!$I$5:$I$304)) | R16: =IF(A16="","",SUMIF('Shipment Control'!$C$5:$C$304,A16,'Shipment Control'!$J$5:$J$304)) | S16: =IF(A16="","",Q16+R16-D16) | T16: =IF('FGPO Master'!A10="","",'FGPO Master'!I10) | U16: =IF(A16="","",IF(COUNTIF('Open Issues'!$D$5:$D$304,A16)>0,"Yellow","Green")) | V16: =IF('FGPO Master'!A10="","",'FGPO Master'!U10)
A17: =IF('FGPO Master'!A11="","",IF('FGPO Master'!D11="FGPO Pending","FGPO Pending",'FGPO Master'!B11)) | B17: =IF('FGPO Master'!A11="","",'FGPO Master'!F11) | C17: =IF('FGPO Master'!A11="","",'FGPO Master'!G11) | D17: =IF('FGPO Master'!A11="","",'FGPO Master'!H11) | E17: =IF(A17="","",IF(SUMIF('Fabric Inventory'!$C$5:$C$304,A17,'Fabric Inventory'!$O$5:$O$304)>0,"Shortage",IF(SUMIF('Fabric Inventory'!$C$5:$C$304,A17,'Fabric Inventory'!$H$5:$H$304)>0,"Approved","Pending"))) | F17: =IF(A17="","",IF(SUMIF('Trims Control'!$B$5:$B$304,A17,'Trims Control'!$R$5:$R$304)>0,"Shortage",IF(COUNTIFS('Trims Control'!$B$5:$B$304,A17,'Trims Control'!$V$5:$V$304,"Ready")>0,"Ready","Pending"))) | G17: =IF(A17="","",IFERROR(INDEX('PP Sample'!$V$5:$V$304,MATCH(A17,'PP Sample'!$B$5:$B$304,0)),"Pending")) | H17: =IF(A17="","",IFERROR(INDEX('Production Readiness'!$S$5:$S$304,MATCH(A17,'Production Readiness'!$C$5:$C$304,0)),"Pending")) | I17: =IF(A17="","",IFERROR(INDEX('Cutting Release'!$P$5:$P$304,MATCH(A17,'Cutting Release'!$C$5:$C$304,0)),"Pending")) | J17: =IF(A17="","",SUMIF('Cutting Control'!$C$5:$C$304,A17,'Cutting Control'!$K$5:$K$304)) | K17: =IF(A17="","",IFERROR(INDEX('TOP Sample'!$W$5:$W$304,MATCH(A17,'TOP Sample'!$B$5:$B$304,0)),"Pending")) | L17: =IF(A17="","",SUMIF('Sewing Production'!$E$5:$E$304,A17,'Sewing Production'!$L$5:$L$304)) | M17: =IF(A17="","",IFERROR(INDEX('Inline Quality'!$S$5:$S$304,MATCH(A17,'Inline Quality'!$E$5:$E$304,0)),"Pending")) | N17: =IF(A17="","",IFERROR(INDEX('Final Inspection'!$U$5:$U$304,MATCH(A17,'Final Inspection'!$C$5:$C$304,0)),"Pending")) | O17: =IF(A17="","",SUMIF('Packing Control'!$C$5:$C$304,A17,'Packing Control'!$K$5:$K$304)) | P17: =IF(A17="","",SUMIF('Finished Goods'!$C$5:$C$304,A17,'Finished Goods'!$J$5:$J$304)) | Q17: =IF(A17="","",SUMIF('Shipment Control'!$C$5:$C$304,A17,'Shipment Control'!$I$5:$I$304)) | R17: =IF(A17="","",SUMIF('Shipment Control'!$C$5:$C$304,A17,'Shipment Control'!$J$5:$J$304)) | S17: =IF(A17="","",Q17+R17-D17) | T17: =IF('FGPO Master'!A11="","",'FGPO Master'!I11) | U17: =IF(A17="","",IF(COUNTIF('Open Issues'!$D$5:$D$304,A17)>0,"Yellow","Green")) | V17: =IF('FGPO Master'!A11="","",'FGPO Master'!U11)
A18: =IF('FGPO Master'!A12="","",IF('FGPO Master'!D12="FGPO Pending","FGPO Pending",'FGPO Master'!B12)) | B18: =IF('FGPO Master'!A12="","",'FGPO Master'!F12) | C18: =IF('FGPO Master'!A12="","",'FGPO Master'!G12) | D18: =IF('FGPO Master'!A12="","",'FGPO Master'!H12) | E18: =IF(A18="","",IF(SUMIF('Fabric Inventory'!$C$5:$C$304,A18,'Fabric Inventory'!$O$5:$O$304)>0,"Shortage",IF(SUMIF('Fabric Inventory'!$C$5:$C$304,A18,'Fabric Inventory'!$H$5:$H$304)>0,"Approved","Pending"))) | F18: =IF(A18="","",IF(SUMIF('Trims Control'!$B$5:$B$304,A18,'Trims Control'!$R$5:$R$304)>0,"Shortage",IF(COUNTIFS('Trims Control'!$B$5:$B$304,A18,'Trims Control'!$V$5:$V$304,"Ready")>0,"Ready","Pending"))) | G18: =IF(A18="","",IFERROR(INDEX('PP Sample'!$V$5:$V$304,MATCH(A18,'PP Sample'!$B$5:$B$304,0)),"Pending")) | H18: =IF(A18="","",IFERROR(INDEX('Production Readiness'!$S$5:$S$304,MATCH(A18,'Production Readiness'!$C$5:$C$304,0)),"Pending")) | I18: =IF(A18="","",IFERROR(INDEX('Cutting Release'!$P$5:$P$304,MATCH(A18,'Cutting Release'!$C$5:$C$304,0)),"Pending")) | J18: =IF(A18="","",SUMIF('Cutting Control'!$C$5:$C$304,A18,'Cutting Control'!$K$5:$K$304)) | K18: =IF(A18="","",IFERROR(INDEX('TOP Sample'!$W$5:$W$304,MATCH(A18,'TOP Sample'!$B$5:$B$304,0)),"Pending")) | L18: =IF(A18="","",SUMIF('Sewing Production'!$E$5:$E$304,A18,'Sewing Production'!$L$5:$L$304)) | M18: =IF(A18="","",IFERROR(INDEX('Inline Quality'!$S$5:$S$304,MATCH(A18,'Inline Quality'!$E$5:$E$304,0)),"Pending")) | N18: =IF(A18="","",IFERROR(INDEX('Final Inspection'!$U$5:$U$304,MATCH(A18,'Final Inspection'!$C$5:$C$304,0)),"Pending")) | O18: =IF(A18="","",SUMIF('Packing Control'!$C$5:$C$304,A18,'Packing Control'!$K$5:$K$304)) | P18: =IF(A18="","",SUMIF('Finished Goods'!$C$5:$C$304,A18,'Finished Goods'!$J$5:$J$304)) | Q18: =IF(A18="","",SUMIF('Shipment Control'!$C$5:$C$304,A18,'Shipment Control'!$I$5:$I$304)) | R18: =IF(A18="","",SUMIF('Shipment Control'!$C$5:$C$304,A18,'Shipment Control'!$J$5:$J$304)) | S18: =IF(A18="","",Q18+R18-D18) | T18: =IF('FGPO Master'!A12="","",'FGPO Master'!I12) | U18: =IF(A18="","",IF(COUNTIF('Open Issues'!$D$5:$D$304,A18)>0,"Yellow","Green")) | V18: =IF('FGPO Master'!A12="","",'FGPO Master'!U12)
A19: =IF('FGPO Master'!A13="","",IF('FGPO Master'!D13="FGPO Pending","FGPO Pending",'FGPO Master'!B13)) | B19: =IF('FGPO Master'!A13="","",'FGPO Master'!F13) | C19: =IF('FGPO Master'!A13="","",'FGPO Master'!G13) | D19: =IF('FGPO Master'!A13="","",'FGPO Master'!H13) | E19: =IF(A19="","",IF(SUMIF('Fabric Inventory'!$C$5:$C$304,A19,'Fabric Inventory'!$O$5:$O$304)>0,"Shortage",IF(SUMIF('Fabric Inventory'!$C$5:$C$304,A19,'Fabric Inventory'!$H$5:$H$304)>0,"Approved","Pending"))) | F19: =IF(A19="","",IF(SUMIF('Trims Control'!$B$5:$B$304,A19,'Trims Control'!$R$5:$R$304)>0,"Shortage",IF(COUNTIFS('Trims Control'!$B$5:$B$304,A19,'Trims Control'!$V$5:$V$304,"Ready")>0,"Ready","Pending"))) | G19: =IF(A19="","",IFERROR(INDEX('PP Sample'!$V$5:$V$304,MATCH(A19,'PP Sample'!$B$5:$B$304,0)),"Pending")) | H19: =IF(A19="","",IFERROR(INDEX('Production Readiness'!$S$5:$S$304,MATCH(A19,'Production Readiness'!$C$5:$C$304,0)),"Pending")) | I19: =IF(A19="","",IFERROR(INDEX('Cutting Release'!$P$5:$P$304,MATCH(A19,'Cutting Release'!$C$5:$C$304,0)),"Pending")) | J19: =IF(A19="","",SUMIF('Cutting Control'!$C$5:$C$304,A19,'Cutting Control'!$K$5:$K$304)) | K19: =IF(A19="","",IFERROR(INDEX('TOP Sample'!$W$5:$W$304,MATCH(A19,'TOP Sample'!$B$5:$B$304,0)),"Pending")) | L19: =IF(A19="","",SUMIF('Sewing Production'!$E$5:$E$304,A19,'Sewing Production'!$L$5:$L$304)) | M19: =IF(A19="","",IFERROR(INDEX('Inline Quality'!$S$5:$S$304,MATCH(A19,'Inline Quality'!$E$5:$E$304,0)),"Pending")) | N19: =IF(A19="","",IFERROR(INDEX('Final Inspection'!$U$5:$U$304,MATCH(A19,'Final Inspection'!$C$5:$C$304,0)),"Pending")) | O19: =IF(A19="","",SUMIF('Packing Control'!$C$5:$C$304,A19,'Packing Control'!$K$5:$K$304)) | P19: =IF(A19="","",SUMIF('Finished Goods'!$C$5:$C$304,A19,'Finished Goods'!$J$5:$J$304)) | Q19: =IF(A19="","",SUMIF('Shipment Control'!$C$5:$C$304,A19,'Shipment Control'!$I$5:$I$304)) | R19: =IF(A19="","",SUMIF('Shipment Control'!$C$5:$C$304,A19,'Shipment Control'!$J$5:$J$304)) | S19: =IF(A19="","",Q19+R19-D19) | T19: =IF('FGPO Master'!A13="","",'FGPO Master'!I13) | U19: =IF(A19="","",IF(COUNTIF('Open Issues'!$D$5:$D$304,A19)>0,"Yellow","Green")) | V19: =IF('FGPO Master'!A13="","",'FGPO Master'!U13)
A20: =IF('FGPO Master'!A14="","",IF('FGPO Master'!D14="FGPO Pending","FGPO Pending",'FGPO Master'!B14)) | B20: =IF('FGPO Master'!A14="","",'FGPO Master'!F14) | C20: =IF('FGPO Master'!A14="","",'FGPO Master'!G14) | D20: =IF('FGPO Master'!A14="","",'FGPO Master'!H14) | E20: =IF(A20="","",IF(SUMIF('Fabric Inventory'!$C$5:$C$304,A20,'Fabric Inventory'!$O$5:$O$304)>0,"Shortage",IF(SUMIF('Fabric Inventory'!$C$5:$C$304,A20,'Fabric Inventory'!$H$5:$H$304)>0,"Approved","Pending"))) | F20: =IF(A20="","",IF(SUMIF('Trims Control'!$B$5:$B$304,A20,'Trims Control'!$R$5:$R$304)>0,"Shortage",IF(COUNTIFS('Trims Control'!$B$5:$B$304,A20,'Trims Control'!$V$5:$V$304,"Ready")>0,"Ready","Pending"))) | G20: =IF(A20="","",IFERROR(INDEX('PP Sample'!$V$5:$V$304,MATCH(A20,'PP Sample'!$B$5:$B$304,0)),"Pending")) | H20: =IF(A20="","",IFERROR(INDEX('Production Readiness'!$S$5:$S$304,MATCH(A20,'Production Readiness'!$C$5:$C$304,0)),"Pending")) | I20: =IF(A20="","",IFERROR(INDEX('Cutting Release'!$P$5:$P$304,MATCH(A20,'Cutting Release'!$C$5:$C$304,0)),"Pending")) | J20: =IF(A20="","",SUMIF('Cutting Control'!$C$5:$C$304,A20,'Cutting Control'!$K$5:$K$304)) | K20: =IF(A20="","",IFERROR(INDEX('TOP Sample'!$W$5:$W$304,MATCH(A20,'TOP Sample'!$B$5:$B$304,0)),"Pending")) | L20: =IF(A20="","",SUMIF('Sewing Production'!$E$5:$E$304,A20,'Sewing Production'!$L$5:$L$304)) | M20: =IF(A20="","",IFERROR(INDEX('Inline Quality'!$S$5:$S$304,MATCH(A20,'Inline Quality'!$E$5:$E$304,0)),"Pending")) | N20: =IF(A20="","",IFERROR(INDEX('Final Inspection'!$U$5:$U$304,MATCH(A20,'Final Inspection'!$C$5:$C$304,0)),"Pending")) | O20: =IF(A20="","",SUMIF('Packing Control'!$C$5:$C$304,A20,'Packing Control'!$K$5:$K$304)) | P20: =IF(A20="","",SUMIF('Finished Goods'!$C$5:$C$304,A20,'Finished Goods'!$J$5:$J$304)) | Q20: =IF(A20="","",SUMIF('Shipment Control'!$C$5:$C$304,A20,'Shipment Control'!$I$5:$I$304)) | R20: =IF(A20="","",SUMIF('Shipment Control'!$C$5:$C$304,A20,'Shipment Control'!$J$5:$J$304)) | S20: =IF(A20="","",Q20+R20-D20) | T20: =IF('FGPO Master'!A14="","",'FGPO Master'!I14) | U20: =IF(A20="","",IF(COUNTIF('Open Issues'!$D$5:$D$304,A20)>0,"Yellow","Green")) | V20: =IF('FGPO Master'!A14="","",'FGPO Master'!U14)
A21: =IF('FGPO Master'!A15="","",IF('FGPO Master'!D15="FGPO Pending","FGPO Pending",'FGPO Master'!B15)) | B21: =IF('FGPO Master'!A15="","",'FGPO Master'!F15) | C21: =IF('FGPO Master'!A15="","",'FGPO Master'!G15) | D21: =IF('FGPO Master'!A15="","",'FGPO Master'!H15) | E21: =IF(A21="","",IF(SUMIF('Fabric Inventory'!$C$5:$C$304,A21,'Fabric Inventory'!$O$5:$O$304)>0,"Shortage",IF(SUMIF('Fabric Inventory'!$C$5:$C$304,A21,'Fabric Inventory'!$H$5:$H$304)>0,"Approved","Pending"))) | F21: =IF(A21="","",IF(SUMIF('Trims Control'!$B$5:$B$304,A21,'Trims Control'!$R$5:$R$304)>0,"Shortage",IF(COUNTIFS('Trims Control'!$B$5:$B$304,A21,'Trims Control'!$V$5:$V$304,"Ready")>0,"Ready","Pending"))) | G21: =IF(A21="","",IFERROR(INDEX('PP Sample'!$V$5:$V$304,MATCH(A21,'PP Sample'!$B$5:$B$304,0)),"Pending")) | H21: =IF(A21="","",IFERROR(INDEX('Production Readiness'!$S$5:$S$304,MATCH(A21,'Production Readiness'!$C$5:$C$304,0)),"Pending")) | I21: =IF(A21="","",IFERROR(INDEX('Cutting Release'!$P$5:$P$304,MATCH(A21,'Cutting Release'!$C$5:$C$304,0)),"Pending")) | J21: =IF(A21="","",SUMIF('Cutting Control'!$C$5:$C$304,A21,'Cutting Control'!$K$5:$K$304)) | K21: =IF(A21="","",IFERROR(INDEX('TOP Sample'!$W$5:$W$304,MATCH(A21,'TOP Sample'!$B$5:$B$304,0)),"Pending")) | L21: =IF(A21="","",SUMIF('Sewing Production'!$E$5:$E$304,A21,'Sewing Production'!$L$5:$L$304)) | M21: =IF(A21="","",IFERROR(INDEX('Inline Quality'!$S$5:$S$304,MATCH(A21,'Inline Quality'!$E$5:$E$304,0)),"Pending")) | N21: =IF(A21="","",IFERROR(INDEX('Final Inspection'!$U$5:$U$304,MATCH(A21,'Final Inspection'!$C$5:$C$304,0)),"Pending")) | O21: =IF(A21="","",SUMIF('Packing Control'!$C$5:$C$304,A21,'Packing Control'!$K$5:$K$304)) | P21: =IF(A21="","",SUMIF('Finished Goods'!$C$5:$C$304,A21,'Finished Goods'!$J$5:$J$304)) | Q21: =IF(A21="","",SUMIF('Shipment Control'!$C$5:$C$304,A21,'Shipment Control'!$I$5:$I$304)) | R21: =IF(A21="","",SUMIF('Shipment Control'!$C$5:$C$304,A21,'Shipment Control'!$J$5:$J$304)) | S21: =IF(A21="","",Q21+R21-D21) | T21: =IF('FGPO Master'!A15="","",'FGPO Master'!I15) | U21: =IF(A21="","",IF(COUNTIF('Open Issues'!$D$5:$D$304,A21)>0,"Yellow","Green")) | V21: =IF('FGPO Master'!A15="","",'FGPO Master'!U15)
A22: =IF('FGPO Master'!A16="","",IF('FGPO Master'!D16="FGPO Pending","FGPO Pending",'FGPO Master'!B16)) | B22: =IF('FGPO Master'!A16="","",'FGPO Master'!F16) | C22: =IF('FGPO Master'!A16="","",'FGPO Master'!G16) | D22: =IF('FGPO Master'!A16="","",'FGPO Master'!H16) | E22: =IF(A22="","",IF(SUMIF('Fabric Inventory'!$C$5:$C$304,A22,'Fabric Inventory'!$O$5:$O$304)>0,"Shortage",IF(SUMIF('Fabric Inventory'!$C$5:$C$304,A22,'Fabric Inventory'!$H$5:$H$304)>0,"Approved","Pending"))) | F22: =IF(A22="","",IF(SUMIF('Trims Control'!$B$5:$B$304,A22,'Trims Control'!$R$5:$R$304)>0,"Shortage",IF(COUNTIFS('Trims Control'!$B$5:$B$304,A22,'Trims Control'!$V$5:$V$304,"Ready")>0,"Ready","Pending"))) | G22: =IF(A22="","",IFERROR(INDEX('PP Sample'!$V$5:$V$304,MATCH(A22,'PP Sample'!$B$5:$B$304,0)),"Pending")) | H22: =IF(A22="","",IFERROR(INDEX('Production Readiness'!$S$5:$S$304,MATCH(A22,'Production Readiness'!$C$5:$C$304,0)),"Pending")) | I22: =IF(A22="","",IFERROR(INDEX('Cutting Release'!$P$5:$P$304,MATCH(A22,'Cutting Release'!$C$5:$C$304,0)),"Pending")) | J22: =IF(A22="","",SUMIF('Cutting Control'!$C$5:$C$304,A22,'Cutting Control'!$K$5:$K$304)) | K22: =IF(A22="","",IFERROR(INDEX('TOP Sample'!$W$5:$W$304,MATCH(A22,'TOP Sample'!$B$5:$B$304,0)),"Pending")) | L22: =IF(A22="","",SUMIF('Sewing Production'!$E$5:$E$304,A22,'Sewing Production'!$L$5:$L$304)) | M22: =IF(A22="","",IFERROR(INDEX('Inline Quality'!$S$5:$S$304,MATCH(A22,'Inline Quality'!$E$5:$E$304,0)),"Pending")) | N22: =IF(A22="","",IFERROR(INDEX('Final Inspection'!$U$5:$U$304,MATCH(A22,'Final Inspection'!$C$5:$C$304,0)),"Pending")) | O22: =IF(A22="","",SUMIF('Packing Control'!$C$5:$C$304,A22,'Packing Control'!$K$5:$K$304)) | P22: =IF(A22="","",SUMIF('Finished Goods'!$C$5:$C$304,A22,'Finished Goods'!$J$5:$J$304)) | Q22: =IF(A22="","",SUMIF('Shipment Control'!$C$5:$C$304,A22,'Shipment Control'!$I$5:$I$304)) | R22: =IF(A22="","",SUMIF('Shipment Control'!$C$5:$C$304,A22,'Shipment Control'!$J$5:$J$304)) | S22: =IF(A22="","",Q22+R22-D22) | T22: =IF('FGPO Master'!A16="","",'FGPO Master'!I16) | U22: =IF(A22="","",IF(COUNTIF('Open Issues'!$D$5:$D$304,A22)>0,"Yellow","Green")) | V22: =IF('FGPO Master'!A16="","",'FGPO Master'!U16)
... A210: =IF('FGPO Master'!A204="","",IF('FGPO Master'!D204="FGPO Pending","FGPO Pending",'FGPO Master'!B204)) | B210: =IF('FGPO Master'!A204="","",'FGPO Master'!F204) | C210: =IF('FGPO Master'!A204="","",'FGPO Master'!G204) | D210: =IF('FGPO Master'!A204="","",'FGPO Master'!H204) | E210: =IF(A210="","",IF(SUMIF('Fabric Inventory'!$C$5:$C$304,A210,'Fabric Inventory'!$O$5:$O$304)>0,"Shortage",IF(SUMIF('Fabric Inventory'!$C$5:$C$304,A210,'Fabric Inventory'!$H$5:$H$304)>0,"Approved","Pending"))) | F210: =IF(A210="","",IF(SUMIF('Trims Control'!$B$5:$B$304,A210,'Trims Control'!$R$5:$R$304)>0,"Shortage",IF(COUNTIFS('Trims Control'!$B$5:$B$304,A210,'Trims Control'!$V$5:$V$304,"Ready")>0,"Ready","Pending"))) | G210: =IF(A210="","",IFERROR(INDEX('PP Sample'!$V$5:$V$304,MATCH(A210,'PP Sample'!$B$5:$B$304,0)),"Pending")) | H210: =IF(A210="","",IFERROR(INDEX('Production Readiness'!$S$5:$S$304,MATCH(A210,'Production Readiness'!$C$5:$C$304,0)),"Pending")) | I210: =IF(A210="","",IFERROR(INDEX('Cutting Release'!$P$5:$P$304,MATCH(A210,'Cutting Release'!$C$5:$C$304,0)),"Pending")) | J210: =IF(A210="","",SUMIF('Cutting Control'!$C$5:$C$304,A210,'Cutting Control'!$K$5:$K$304)) | K210: =IF(A210="","",IFERROR(INDEX('TOP Sample'!$W$5:$W$304,MATCH(A210,'TOP Sample'!$B$5:$B$304,0)),"Pending")) | L210: =IF(A210="","",SUMIF('Sewing Production'!$E$5:$E$304,A210,'Sewing Production'!$L$5:$L$304)) | M210: =IF(A210="","",IFERROR(INDEX('Inline Quality'!$S$5:$S$304,MATCH(A210,'Inline Quality'!$E$5:$E$304,0)),"Pending")) | N210: =IF(A210="","",IFERROR(INDEX('Final Inspection'!$U$5:$U$304,MATCH(A210,'Final Inspection'!$C$5:$C$304,0)),"Pending")) | O210: =IF(A210="","",SUMIF('Packing Control'!$C$5:$C$304,A210,'Packing Control'!$K$5:$K$304)) | P210: =IF(A210="","",SUMIF('Finished Goods'!$C$5:$C$304,A210,'Finished Goods'!$J$5:$J$304)) | Q210: =IF(A210="","",SUMIF('Shipment Control'!$C$5:$C$304,A210,'Shipment Control'!$I$5:$I$304)) | R210: =IF(A210="","",SUMIF('Shipment Control'!$C$5:$C$304,A210,'Shipment Control'!$J$5:$J$304)) | S210: =IF(A210="","",Q210+R210-D210) | T210: =IF('FGPO Master'!A204="","",'FGPO Master'!I204) | U210: =IF(A210="","",IF(COUNTIF('Open Issues'!$D$5:$D$304,A210)>0,"Yellow","Green")) | V210: =IF('FGPO Master'!A204="","",'FGPO Master'!U204)

Sheet Fabric Dashboard
A1: TEXNICA TPCS 1.0 — FGPO & FABRIC CONTROL DASHBOARD
A2: Automatic summary by FGPO. Enter order and operational data in the detailed modules; do not type over dashboard formulas.
A4: Total FGPO | E4: Total Order Qty | I4: Fabric In Transit | M4: Fabric Received | Q4: Fabric Approved | U4: Open Shortage
A5: =COUNTA('FGPO Master'!B5:B304) -> 0 | E5: =SUM('FGPO Master'!H5:H304) -> 0 | I5: =SUM('Fabric Shipment'!R5:R304) -> 0 | M5: =SUM('Fabric Receiving'!H5:H304) -> 0 | Q5: =SUM('Fabric Inventory'!H5:H304) -> 0 | U5: =SUM('Fabric Inventory'!O5:O304) -> 0
A10: Customer | B10: FGPO | C10: Status | D10: Style | E10: Color | F10: Order Qty | G10: Shipment Variance | H10: Fabric Required | I10: Fabric Ordered | J10: Mill Produced | K10: Mill Test | L10: Fabric Exported | M10: Fabric In Transit | N10: Texnica Received | O10: Receiving Variance | P10: Four-Point | Q10: Internal Test | R10: Shade Match | S10: Fabric Approved | T10: Reserved | U10: Issued to Cutting | V10: Available | W10: Shortage
A11: =IF('FGPO Master'!A5="","",'FGPO Master'!E5) | B11: =IF('FGPO Master'!A5="","",IF('FGPO Master'!D5="FGPO Pending","FGPO Pending",'FGPO Master'!B5)) | C11: =IF('FGPO Master'!A5="","",'FGPO Master'!D5) | D11: =IF('FGPO Master'!A5="","",'FGPO Master'!F5) | E11: =IF('FGPO Master'!A5="","",'FGPO Master'!G5) | F11: =IF('FGPO Master'!A5="","",'FGPO Master'!H5) | G11: =IF('FGPO Master'!A5="","",'FGPO Master'!M5) | H11: =IF(B11="","",SUMIF('Fabric Requirement'!$B$5:$B$304,B11,'Fabric Requirement'!$M$5:$M$304)+SUMIF('Fabric Requirement'!$B$5:$B$304,B11,'Fabric Requirement'!$O$5:$O$304)) | I11: =IF(B11="","",SUMIF('Fabric PO'!$B$5:$B$304,B11,'Fabric PO'!$H$5:$H$304)) | J11: =IF(B11="","",SUMIF('Mill Production'!$C$5:$C$304,B11,'Mill Production'!$I$5:$I$304)) | K11: =IF(B11="","",IF(COUNTIF('Mill Test'!$C$5:$C$304,B11)=0,"Pending",IF(COUNTIFS('Mill Test'!$C$5:$C$304,B11,'Mill Test'!$T$5:$T$304,"Failed")>0,"Failed","Passed"))) | L11: =IF(B11="","",SUMIF('Fabric Shipment'!$C$5:$C$304,B11,'Fabric Shipment'!$G$5:$G$304)) | M11: =IF(B11="","",SUMIF('Fabric Shipment'!$C$5:$C$304,B11,'Fabric Shipment'!$R$5:$R$304)) | N11: =IF(B11="","",SUMIF('Fabric Receiving'!$E$5:$E$304,B11,'Fabric Receiving'!$H$5:$H$304)) | O11: =IF(B11="","",SUMIF('Fabric Receiving'!$E$5:$E$304,B11,'Fabric Receiving'!$I$5:$I$304)) | P11: =IF(B11="","",IF(COUNTIF('Four-Point'!$E$5:$E$304,B11)=0,"Pending",IF(COUNTIFS('Four-Point'!$E$5:$E$304,B11,'Four-Point'!$T$5:$T$304,"Failed")>0,"Failed","Passed"))) | Q11: =IF(B11="","",IF(COUNTIF('Internal Test'!$D$5:$D$304,B11)=0,"Pending",IF(COUNTIFS('Internal Test'!$D$5:$D$304,B11,'Internal Test'!$AA$5:$AA$304,"Failed")>0,"Failed","Passed"))) | R11: =IF(B11="","",IF(COUNTIF('Shade Match'!$C$5:$C$304,B11)=0,"Pending",IF(COUNTIFS('Shade Match'!$C$5:$C$304,B11,'Shade Match'!$Q$5:$Q$304,"Failed")>0,"Failed","Approved"))) | S11: =IF(B11="","",SUMIF('Fabric Inventory'!$C$5:$C$304,B11,'Fabric Inventory'!$H$5:$H$304)) | T11: =IF(B11="","",SUMIF('Fabric Inventory'!$C$5:$C$304,B11,'Fabric Inventory'!$K$5:$K$304)) | U11: =IF(B11="","",SUMIF('Fabric Inventory'!$C$5:$C$304,B11,'Fabric Inventory'!$L$5:$L$304)) | V11: =IF(B11="","",SUMIF('Fabric Inventory'!$C$5:$C$304,B11,'Fabric Inventory'!$N$5:$N$304)) | W11: =IF(B11="","",SUMIF('Fabric Inventory'!$C$5:$C$304,B11,'Fabric Inventory'!$O$5:$O$304))
A12: =IF('FGPO Master'!A6="","",'FGPO Master'!E6) | B12: =IF('FGPO Master'!A6="","",IF('FGPO Master'!D6="FGPO Pending","FGPO Pending",'FGPO Master'!B6)) | C12: =IF('FGPO Master'!A6="","",'FGPO Master'!D6) | D12: =IF('FGPO Master'!A6="","",'FGPO Master'!F6) | E12: =IF('FGPO Master'!A6="","",'FGPO Master'!G6) | F12: =IF('FGPO Master'!A6="","",'FGPO Master'!H6) | G12: =IF('FGPO Master'!A6="","",'FGPO Master'!M6) | H12: =IF(B12="","",SUMIF('Fabric Requirement'!$B$5:$B$304,B12,'Fabric Requirement'!$M$5:$M$304)+SUMIF('Fabric Requirement'!$B$5:$B$304,B12,'Fabric Requirement'!$O$5:$O$304)) | I12: =IF(B12="","",SUMIF('Fabric PO'!$B$5:$B$304,B12,'Fabric PO'!$H$5:$H$304)) | J12: =IF(B12="","",SUMIF('Mill Production'!$C$5:$C$304,B12,'Mill Production'!$I$5:$I$304)) | K12: =IF(B12="","",IF(COUNTIF('Mill Test'!$C$5:$C$304,B12)=0,"Pending",IF(COUNTIFS('Mill Test'!$C$5:$C$304,B12,'Mill Test'!$T$5:$T$304,"Failed")>0,"Failed","Passed"))) | L12: =IF(B12="","",SUMIF('Fabric Shipment'!$C$5:$C$304,B12,'Fabric Shipment'!$G$5:$G$304)) | M12: =IF(B12="","",SUMIF('Fabric Shipment'!$C$5:$C$304,B12,'Fabric Shipment'!$R$5:$R$304)) | N12: =IF(B12="","",SUMIF('Fabric Receiving'!$E$5:$E$304,B12,'Fabric Receiving'!$H$5:$H$304)) | O12: =IF(B12="","",SUMIF('Fabric Receiving'!$E$5:$E$304,B12,'Fabric Receiving'!$I$5:$I$304)) | P12: =IF(B12="","",IF(COUNTIF('Four-Point'!$E$5:$E$304,B12)=0,"Pending",IF(COUNTIFS('Four-Point'!$E$5:$E$304,B12,'Four-Point'!$T$5:$T$304,"Failed")>0,"Failed","Passed"))) | Q12: =IF(B12="","",IF(COUNTIF('Internal Test'!$D$5:$D$304,B12)=0,"Pending",IF(COUNTIFS('Internal Test'!$D$5:$D$304,B12,'Internal Test'!$AA$5:$AA$304,"Failed")>0,"Failed","Passed"))) | R12: =IF(B12="","",IF(COUNTIF('Shade Match'!$C$5:$C$304,B12)=0,"Pending",IF(COUNTIFS('Shade Match'!$C$5:$C$304,B12,'Shade Match'!$Q$5:$Q$304,"Failed")>0,"Failed","Approved"))) | S12: =IF(B12="","",SUMIF('Fabric Inventory'!$C$5:$C$304,B12,'Fabric Inventory'!$H$5:$H$304)) | T12: =IF(B12="","",SUMIF('Fabric Inventory'!$C$5:$C$304,B12,'Fabric Inventory'!$K$5:$K$304)) | U12: =IF(B12="","",SUMIF('Fabric Inventory'!$C$5:$C$304,B12,'Fabric Inventory'!$L$5:$L$304)) | V12: =IF(B12="","",SUMIF('Fabric Inventory'!$C$5:$C$304,B12,'Fabric Inventory'!$N$5:$N$304)) | W12: =IF(B12="","",SUMIF('Fabric Inventory'!$C$5:$C$304,B12,'Fabric Inventory'!$O$5:$O$304))
A13: =IF('FGPO Master'!A7="","",'FGPO Master'!E7) | B13: =IF('FGPO Master'!A7="","",IF('FGPO Master'!D7="FGPO Pending","FGPO Pending",'FGPO Master'!B7)) | C13: =IF('FGPO Master'!A7="","",'FGPO Master'!D7) | D13: =IF('FGPO Master'!A7="","",'FGPO Master'!F7) | E13: =IF('FGPO Master'!A7="","",'FGPO Master'!G7) | F13: =IF('FGPO Master'!A7="","",'FGPO Master'!H7) | G13: =IF('FGPO Master'!A7="","",'FGPO Master'!M7) | H13: =IF(B13="","",SUMIF('Fabric Requirement'!$B$5:$B$304,B13,'Fabric Requirement'!$M$5:$M$304)+SUMIF('Fabric Requirement'!$B$5:$B$304,B13,'Fabric Requirement'!$O$5:$O$304)) | I13: =IF(B13="","",SUMIF('Fabric PO'!$B$5:$B$304,B13,'Fabric PO'!$H$5:$H$304)) | J13: =IF(B13="","",SUMIF('Mill Production'!$C$5:$C$304,B13,'Mill Production'!$I$5:$I$304)) | K13: =IF(B13="","",IF(COUNTIF('Mill Test'!$C$5:$C$304,B13)=0,"Pending",IF(COUNTIFS('Mill Test'!$C$5:$C$304,B13,'Mill Test'!$T$5:$T$304,"Failed")>0,"Failed","Passed"))) | L13: =IF(B13="","",SUMIF('Fabric Shipment'!$C$5:$C$304,B13,'Fabric Shipment'!$G$5:$G$304)) | M13: =IF(B13="","",SUMIF('Fabric Shipment'!$C$5:$C$304,B13,'Fabric Shipment'!$R$5:$R$304)) | N13: =IF(B13="","",SUMIF('Fabric Receiving'!$E$5:$E$304,B13,'Fabric Receiving'!$H$5:$H$304)) | O13: =IF(B13="","",SUMIF('Fabric Receiving'!$E$5:$E$304,B13,'Fabric Receiving'!$I$5:$I$304)) | P13: =IF(B13="","",IF(COUNTIF('Four-Point'!$E$5:$E$304,B13)=0,"Pending",IF(COUNTIFS('Four-Point'!$E$5:$E$304,B13,'Four-Point'!$T$5:$T$304,"Failed")>0,"Failed","Passed"))) | Q13: =IF(B13="","",IF(COUNTIF('Internal Test'!$D$5:$D$304,B13)=0,"Pending",IF(COUNTIFS('Internal Test'!$D$5:$D$304,B13,'Internal Test'!$AA$5:$AA$304,"Failed")>0,"Failed","Passed"))) | R13: =IF(B13="","",IF(COUNTIF('Shade Match'!$C$5:$C$304,B13)=0,"Pending",IF(COUNTIFS('Shade Match'!$C$5:$C$304,B13,'Shade Match'!$Q$5:$Q$304,"Failed")>0,"Failed","Approved"))) | S13: =IF(B13="","",SUMIF('Fabric Inventory'!$C$5:$C$304,B13,'Fabric Inventory'!$H$5:$H$304)) | T13: =IF(B13="","",SUMIF('Fabric Inventory'!$C$5:$C$304,B13,'Fabric Inventory'!$K$5:$K$304)) | U13: =IF(B13="","",SUMIF('Fabric Inventory'!$C$5:$C$304,B13,'Fabric Inventory'!$L$5:$L$304)) | V13: =IF(B13="","",SUMIF('Fabric Inventory'!$C$5:$C$304,B13,'Fabric Inventory'!$N$5:$N$304)) | W13: =IF(B13="","",SUMIF('Fabric Inventory'!$C$5:$C$304,B13,'Fabric Inventory'!$O$5:$O$304))
A14: =IF('FGPO Master'!A8="","",'FGPO Master'!E8) | B14: =IF('FGPO Master'!A8="","",IF('FGPO Master'!D8="FGPO Pending","FGPO Pending",'FGPO Master'!B8)) | C14: =IF('FGPO Master'!A8="","",'FGPO Master'!D8) | D14: =IF('FGPO Master'!A8="","",'FGPO Master'!F8) | E14: =IF('FGPO Master'!A8="","",'FGPO Master'!G8) | F14: =IF('FGPO Master'!A8="","",'FGPO Master'!H8) | G14: =IF('FGPO Master'!A8="","",'FGPO Master'!M8) | H14: =IF(B14="","",SUMIF('Fabric Requirement'!$B$5:$B$304,B14,'Fabric Requirement'!$M$5:$M$304)+SUMIF('Fabric Requirement'!$B$5:$B$304,B14,'Fabric Requirement'!$O$5:$O$304)) | I14: =IF(B14="","",SUMIF('Fabric PO'!$B$5:$B$304,B14,'Fabric PO'!$H$5:$H$304)) | J14: =IF(B14="","",SUMIF('Mill Production'!$C$5:$C$304,B14,'Mill Production'!$I$5:$I$304)) | K14: =IF(B14="","",IF(COUNTIF('Mill Test'!$C$5:$C$304,B14)=0,"Pending",IF(COUNTIFS('Mill Test'!$C$5:$C$304,B14,'Mill Test'!$T$5:$T$304,"Failed")>0,"Failed","Passed"))) | L14: =IF(B14="","",SUMIF('Fabric Shipment'!$C$5:$C$304,B14,'Fabric Shipment'!$G$5:$G$304)) | M14: =IF(B14="","",SUMIF('Fabric Shipment'!$C$5:$C$304,B14,'Fabric Shipment'!$R$5:$R$304)) | N14: =IF(B14="","",SUMIF('Fabric Receiving'!$E$5:$E$304,B14,'Fabric Receiving'!$H$5:$H$304)) | O14: =IF(B14="","",SUMIF('Fabric Receiving'!$E$5:$E$304,B14,'Fabric Receiving'!$I$5:$I$304)) | P14: =IF(B14="","",IF(COUNTIF('Four-Point'!$E$5:$E$304,B14)=0,"Pending",IF(COUNTIFS('Four-Point'!$E$5:$E$304,B14,'Four-Point'!$T$5:$T$304,"Failed")>0,"Failed","Passed"))) | Q14: =IF(B14="","",IF(COUNTIF('Internal Test'!$D$5:$D$304,B14)=0,"Pending",IF(COUNTIFS('Internal Test'!$D$5:$D$304,B14,'Internal Test'!$AA$5:$AA$304,"Failed")>0,"Failed","Passed"))) | R14: =IF(B14="","",IF(COUNTIF('Shade Match'!$C$5:$C$304,B14)=0,"Pending",IF(COUNTIFS('Shade Match'!$C$5:$C$304,B14,'Shade Match'!$Q$5:$Q$304,"Failed")>0,"Failed","Approved"))) | S14: =IF(B14="","",SUMIF('Fabric Inventory'!$C$5:$C$304,B14,'Fabric Inventory'!$H$5:$H$304)) | T14: =IF(B14="","",SUMIF('Fabric Inventory'!$C$5:$C$304,B14,'Fabric Inventory'!$K$5:$K$304)) | U14: =IF(B14="","",SUMIF('Fabric Inventory'!$C$5:$C$304,B14,'Fabric Inventory'!$L$5:$L$304)) | V14: =IF(B14="","",SUMIF('Fabric Inventory'!$C$5:$C$304,B14,'Fabric Inventory'!$N$5:$N$304)) | W14: =IF(B14="","",SUMIF('Fabric Inventory'!$C$5:$C$304,B14,'Fabric Inventory'!$O$5:$O$304))
A15: =IF('FGPO Master'!A9="","",'FGPO Master'!E9) | B15: =IF('FGPO Master'!A9="","",IF('FGPO Master'!D9="FGPO Pending","FGPO Pending",'FGPO Master'!B9)) | C15: =IF('FGPO Master'!A9="","",'FGPO Master'!D9) | D15: =IF('FGPO Master'!A9="","",'FGPO Master'!F9) | E15: =IF('FGPO Master'!A9="","",'FGPO Master'!G9) | F15: =IF('FGPO Master'!A9="","",'FGPO Master'!H9) | G15: =IF('FGPO Master'!A9="","",'FGPO Master'!M9) | H15: =IF(B15="","",SUMIF('Fabric Requirement'!$B$5:$B$304,B15,'Fabric Requirement'!$M$5:$M$304)+SUMIF('Fabric Requirement'!$B$5:$B$304,B15,'Fabric Requirement'!$O$5:$O$304)) | I15: =IF(B15="","",SUMIF('Fabric PO'!$B$5:$B$304,B15,'Fabric PO'!$H$5:$H$304)) | J15: =IF(B15="","",SUMIF('Mill Production'!$C$5:$C$304,B15,'Mill Production'!$I$5:$I$304)) | K15: =IF(B15="","",IF(COUNTIF('Mill Test'!$C$5:$C$304,B15)=0,"Pending",IF(COUNTIFS('Mill Test'!$C$5:$C$304,B15,'Mill Test'!$T$5:$T$304,"Failed")>0,"Failed","Passed"))) | L15: =IF(B15="","",SUMIF('Fabric Shipment'!$C$5:$C$304,B15,'Fabric Shipment'!$G$5:$G$304)) | M15: =IF(B15="","",SUMIF('Fabric Shipment'!$C$5:$C$304,B15,'Fabric Shipment'!$R$5:$R$304)) | N15: =IF(B15="","",SUMIF('Fabric Receiving'!$E$5:$E$304,B15,'Fabric Receiving'!$H$5:$H$304)) | O15: =IF(B15="","",SUMIF('Fabric Receiving'!$E$5:$E$304,B15,'Fabric Receiving'!$I$5:$I$304)) | P15: =IF(B15="","",IF(COUNTIF('Four-Point'!$E$5:$E$304,B15)=0,"Pending",IF(COUNTIFS('Four-Point'!$E$5:$E$304,B15,'Four-Point'!$T$5:$T$304,"Failed")>0,"Failed","Passed"))) | Q15: =IF(B15="","",IF(COUNTIF('Internal Test'!$D$5:$D$304,B15)=0,"Pending",IF(COUNTIFS('Internal Test'!$D$5:$D$304,B15,'Internal Test'!$AA$5:$AA$304,"Failed")>0,"Failed","Passed"))) | R15: =IF(B15="","",IF(COUNTIF('Shade Match'!$C$5:$C$304,B15)=0,"Pending",IF(COUNTIFS('Shade Match'!$C$5:$C$304,B15,'Shade Match'!$Q$5:$Q$304,"Failed")>0,"Failed","Approved"))) | S15: =IF(B15="","",SUMIF('Fabric Inventory'!$C$5:$C$304,B15,'Fabric Inventory'!$H$5:$H$304)) | T15: =IF(B15="","",SUMIF('Fabric Inventory'!$C$5:$C$304,B15,'Fabric Inventory'!$K$5:$K$304)) | U15: =IF(B15="","",SUMIF('Fabric Inventory'!$C$5:$C$304,B15,'Fabric Inventory'!$L$5:$L$304)) | V15: =IF(B15="","",SUMIF('Fabric Inventory'!$C$5:$C$304,B15,'Fabric Inventory'!$N$5:$N$304)) | W15: =IF(B15="","",SUMIF('Fabric Inventory'!$C$5:$C$304,B15,'Fabric Inventory'!$O$5:$O$304))
A16: =IF('FGPO Master'!A10="","",'FGPO Master'!E10) | B16: =IF('FGPO Master'!A10="","",IF('FGPO Master'!D10="FGPO Pending","FGPO Pending",'FGPO Master'!B10)) | C16: =IF('FGPO Master'!A10="","",'FGPO Master'!D10) | D16: =IF('FGPO Master'!A10="","",'FGPO Master'!F10) | E16: =IF('FGPO Master'!A10="","",'FGPO Master'!G10) | F16: =IF('FGPO Master'!A10="","",'FGPO Master'!H10) | G16: =IF('FGPO Master'!A10="","",'FGPO Master'!M10) | H16: =IF(B16="","",SUMIF('Fabric Requirement'!$B$5:$B$304,B16,'Fabric Requirement'!$M$5:$M$304)+SUMIF('Fabric Requirement'!$B$5:$B$304,B16,'Fabric Requirement'!$O$5:$O$304)) | I16: =IF(B16="","",SUMIF('Fabric PO'!$B$5:$B$304,B16,'Fabric PO'!$H$5:$H$304)) | J16: =IF(B16="","",SUMIF('Mill Production'!$C$5:$C$304,B16,'Mill Production'!$I$5:$I$304)) | K16: =IF(B16="","",IF(COUNTIF('Mill Test'!$C$5:$C$304,B16)=0,"Pending",IF(COUNTIFS('Mill Test'!$C$5:$C$304,B16,'Mill Test'!$T$5:$T$304,"Failed")>0,"Failed","Passed"))) | L16: =IF(B16="","",SUMIF('Fabric Shipment'!$C$5:$C$304,B16,'Fabric Shipment'!$G$5:$G$304)) | M16: =IF(B16="","",SUMIF('Fabric Shipment'!$C$5:$C$304,B16,'Fabric Shipment'!$R$5:$R$304)) | N16: =IF(B16="","",SUMIF('Fabric Receiving'!$E$5:$E$304,B16,'Fabric Receiving'!$H$5:$H$304)) | O16: =IF(B16="","",SUMIF('Fabric Receiving'!$E$5:$E$304,B16,'Fabric Receiving'!$I$5:$I$304)) | P16: =IF(B16="","",IF(COUNTIF('Four-Point'!$E$5:$E$304,B16)=0,"Pending",IF(COUNTIFS('Four-Point'!$E$5:$E$304,B16,'Four-Point'!$T$5:$T$304,"Failed")>0,"Failed","Passed"))) | Q16: =IF(B16="","",IF(COUNTIF('Internal Test'!$D$5:$D$304,B16)=0,"Pending",IF(COUNTIFS('Internal Test'!$D$5:$D$304,B16,'Internal Test'!$AA$5:$AA$304,"Failed")>0,"Failed","Passed"))) | R16: =IF(B16="","",IF(COUNTIF('Shade Match'!$C$5:$C$304,B16)=0,"Pending",IF(COUNTIFS('Shade Match'!$C$5:$C$304,B16,'Shade Match'!$Q$5:$Q$304,"Failed")>0,"Failed","Approved"))) | S16: =IF(B16="","",SUMIF('Fabric Inventory'!$C$5:$C$304,B16,'Fabric Inventory'!$H$5:$H$304)) | T16: =IF(B16="","",SUMIF('Fabric Inventory'!$C$5:$C$304,B16,'Fabric Inventory'!$K$5:$K$304)) | U16: =IF(B16="","",SUMIF('Fabric Inventory'!$C$5:$C$304,B16,'Fabric Inventory'!$L$5:$L$304)) | V16: =IF(B16="","",SUMIF('Fabric Inventory'!$C$5:$C$304,B16,'Fabric Inventory'!$N$5:$N$304)) | W16: =IF(B16="","",SUMIF('Fabric Inventory'!$C$5:$C$304,B16,'Fabric Inventory'!$O$5:$O$304))
A17: =IF('FGPO Master'!A11="","",'FGPO Master'!E11) | B17: =IF('FGPO Master'!A11="","",IF('FGPO Master'!D11="FGPO Pending","FGPO Pending",'FGPO Master'!B11)) | C17: =IF('FGPO Master'!A11="","",'FGPO Master'!D11) | D17: =IF('FGPO Master'!A11="","",'FGPO Master'!F11) | E17: =IF('FGPO Master'!A11="","",'FGPO Master'!G11) | F17: =IF('FGPO Master'!A11="","",'FGPO Master'!H11) | G17: =IF('FGPO Master'!A11="","",'FGPO Master'!M11) | H17: =IF(B17="","",SUMIF('Fabric Requirement'!$B$5:$B$304,B17,'Fabric Requirement'!$M$5:$M$304)+SUMIF('Fabric Requirement'!$B$5:$B$304,B17,'Fabric Requirement'!$O$5:$O$304)) | I17: =IF(B17="","",SUMIF('Fabric PO'!$B$5:$B$304,B17,'Fabric PO'!$H$5:$H$304)) | J17: =IF(B17="","",SUMIF('Mill Production'!$C$5:$C$304,B17,'Mill Production'!$I$5:$I$304)) | K17: =IF(B17="","",IF(COUNTIF('Mill Test'!$C$5:$C$304,B17)=0,"Pending",IF(COUNTIFS('Mill Test'!$C$5:$C$304,B17,'Mill Test'!$T$5:$T$304,"Failed")>0,"Failed","Passed"))) | L17: =IF(B17="","",SUMIF('Fabric Shipment'!$C$5:$C$304,B17,'Fabric Shipment'!$G$5:$G$304)) | M17: =IF(B17="","",SUMIF('Fabric Shipment'!$C$5:$C$304,B17,'Fabric Shipment'!$R$5:$R$304)) | N17: =IF(B17="","",SUMIF('Fabric Receiving'!$E$5:$E$304,B17,'Fabric Receiving'!$H$5:$H$304)) | O17: =IF(B17="","",SUMIF('Fabric Receiving'!$E$5:$E$304,B17,'Fabric Receiving'!$I$5:$I$304)) | P17: =IF(B17="","",IF(COUNTIF('Four-Point'!$E$5:$E$304,B17)=0,"Pending",IF(COUNTIFS('Four-Point'!$E$5:$E$304,B17,'Four-Point'!$T$5:$T$304,"Failed")>0,"Failed","Passed"))) | Q17: =IF(B17="","",IF(COUNTIF('Internal Test'!$D$5:$D$304,B17)=0,"Pending",IF(COUNTIFS('Internal Test'!$D$5:$D$304,B17,'Internal Test'!$AA$5:$AA$304,"Failed")>0,"Failed","Passed"))) | R17: =IF(B17="","",IF(COUNTIF('Shade Match'!$C$5:$C$304,B17)=0,"Pending",IF(COUNTIFS('Shade Match'!$C$5:$C$304,B17,'Shade Match'!$Q$5:$Q$304,"Failed")>0,"Failed","Approved"))) | S17: =IF(B17="","",SUMIF('Fabric Inventory'!$C$5:$C$304,B17,'Fabric Inventory'!$H$5:$H$304)) | T17: =IF(B17="","",SUMIF('Fabric Inventory'!$C$5:$C$304,B17,'Fabric Inventory'!$K$5:$K$304)) | U17: =IF(B17="","",SUMIF('Fabric Inventory'!$C$5:$C$304,B17,'Fabric Inventory'!$L$5:$L$304)) | V17: =IF(B17="","",SUMIF('Fabric Inventory'!$C$5:$C$304,B17,'Fabric Inventory'!$N$5:$N$304)) | W17: =IF(B17="","",SUMIF('Fabric Inventory'!$C$5:$C$304,B17,'Fabric Inventory'!$O$5:$O$304))
A18: =IF('FGPO Master'!A12="","",'FGPO Master'!E12) | B18: =IF('FGPO Master'!A12="","",IF('FGPO Master'!D12="FGPO Pending","FGPO Pending",'FGPO Master'!B12)) | C18: =IF('FGPO Master'!A12="","",'FGPO Master'!D12) | D18: =IF('FGPO Master'!A12="","",'FGPO Master'!F12) | E18: =IF('FGPO Master'!A12="","",'FGPO Master'!G12) | F18: =IF('FGPO Master'!A12="","",'FGPO Master'!H12) | G18: =IF('FGPO Master'!A12="","",'FGPO Master'!M12) | H18: =IF(B18="","",SUMIF('Fabric Requirement'!$B$5:$B$304,B18,'Fabric Requirement'!$M$5:$M$304)+SUMIF('Fabric Requirement'!$B$5:$B$304,B18,'Fabric Requirement'!$O$5:$O$304)) | I18: =IF(B18="","",SUMIF('Fabric PO'!$B$5:$B$304,B18,'Fabric PO'!$H$5:$H$304)) | J18: =IF(B18="","",SUMIF('Mill Production'!$C$5:$C$304,B18,'Mill Production'!$I$5:$I$304)) | K18: =IF(B18="","",IF(COUNTIF('Mill Test'!$C$5:$C$304,B18)=0,"Pending",IF(COUNTIFS('Mill Test'!$C$5:$C$304,B18,'Mill Test'!$T$5:$T$304,"Failed")>0,"Failed","Passed"))) | L18: =IF(B18="","",SUMIF('Fabric Shipment'!$C$5:$C$304,B18,'Fabric Shipment'!$G$5:$G$304)) | M18: =IF(B18="","",SUMIF('Fabric Shipment'!$C$5:$C$304,B18,'Fabric Shipment'!$R$5:$R$304)) | N18: =IF(B18="","",SUMIF('Fabric Receiving'!$E$5:$E$304,B18,'Fabric Receiving'!$H$5:$H$304)) | O18: =IF(B18="","",SUMIF('Fabric Receiving'!$E$5:$E$304,B18,'Fabric Receiving'!$I$5:$I$304)) | P18: =IF(B18="","",IF(COUNTIF('Four-Point'!$E$5:$E$304,B18)=0,"Pending",IF(COUNTIFS('Four-Point'!$E$5:$E$304,B18,'Four-Point'!$T$5:$T$304,"Failed")>0,"Failed","Passed"))) | Q18: =IF(B18="","",IF(COUNTIF('Internal Test'!$D$5:$D$304,B18)=0,"Pending",IF(COUNTIFS('Internal Test'!$D$5:$D$304,B18,'Internal Test'!$AA$5:$AA$304,"Failed")>0,"Failed","Passed"))) | R18: =IF(B18="","",IF(COUNTIF('Shade Match'!$C$5:$C$304,B18)=0,"Pending",IF(COUNTIFS('Shade Match'!$C$5:$C$304,B18,'Shade Match'!$Q$5:$Q$304,"Failed")>0,"Failed","Approved"))) | S18: =IF(B18="","",SUMIF('Fabric Inventory'!$C$5:$C$304,B18,'Fabric Inventory'!$H$5:$H$304)) | T18: =IF(B18="","",SUMIF('Fabric Inventory'!$C$5:$C$304,B18,'Fabric Inventory'!$K$5:$K$304)) | U18: =IF(B18="","",SUMIF('Fabric Inventory'!$C$5:$C$304,B18,'Fabric Inventory'!$L$5:$L$304)) | V18: =IF(B18="","",SUMIF('Fabric Inventory'!$C$5:$C$304,B18,'Fabric Inventory'!$N$5:$N$304)) | W18: =IF(B18="","",SUMIF('Fabric Inventory'!$C$5:$C$304,B18,'Fabric Inventory'!$O$5:$O$304))
A19: =IF('FGPO Master'!A13="","",'FGPO Master'!E13) | B19: =IF('FGPO Master'!A13="","",IF('FGPO Master'!D13="FGPO Pending","FGPO Pending",'FGPO Master'!B13)) | C19: =IF('FGPO Master'!A13="","",'FGPO Master'!D13) | D19: =IF('FGPO Master'!A13="","",'FGPO Master'!F13) | E19: =IF('FGPO Master'!A13="","",'FGPO Master'!G13) | F19: =IF('FGPO Master'!A13="","",'FGPO Master'!H13) | G19: =IF('FGPO Master'!A13="","",'FGPO Master'!M13) | H19: =IF(B19="","",SUMIF('Fabric Requirement'!$B$5:$B$304,B19,'Fabric Requirement'!$M$5:$M$304)+SUMIF('Fabric Requirement'!$B$5:$B$304,B19,'Fabric Requirement'!$O$5:$O$304)) | I19: =IF(B19="","",SUMIF('Fabric PO'!$B$5:$B$304,B19,'Fabric PO'!$H$5:$H$304)) | J19: =IF(B19="","",SUMIF('Mill Production'!$C$5:$C$304,B19,'Mill Production'!$I$5:$I$304)) | K19: =IF(B19="","",IF(COUNTIF('Mill Test'!$C$5:$C$304,B19)=0,"Pending",IF(COUNTIFS('Mill Test'!$C$5:$C$304,B19,'Mill Test'!$T$5:$T$304,"Failed")>0,"Failed","Passed"))) | L19: =IF(B19="","",SUMIF('Fabric Shipment'!$C$5:$C$304,B19,'Fabric Shipment'!$G$5:$G$304)) | M19: =IF(B19="","",SUMIF('Fabric Shipment'!$C$5:$C$304,B19,'Fabric Shipment'!$R$5:$R$304)) | N19: =IF(B19="","",SUMIF('Fabric Receiving'!$E$5:$E$304,B19,'Fabric Receiving'!$H$5:$H$304)) | O19: =IF(B19="","",SUMIF('Fabric Receiving'!$E$5:$E$304,B19,'Fabric Receiving'!$I$5:$I$304)) | P19: =IF(B19="","",IF(COUNTIF('Four-Point'!$E$5:$E$304,B19)=0,"Pending",IF(COUNTIFS('Four-Point'!$E$5:$E$304,B19,'Four-Point'!$T$5:$T$304,"Failed")>0,"Failed","Passed"))) | Q19: =IF(B19="","",IF(COUNTIF('Internal Test'!$D$5:$D$304,B19)=0,"Pending",IF(COUNTIFS('Internal Test'!$D$5:$D$304,B19,'Internal Test'!$AA$5:$AA$304,"Failed")>0,"Failed","Passed"))) | R19: =IF(B19="","",IF(COUNTIF('Shade Match'!$C$5:$C$304,B19)=0,"Pending",IF(COUNTIFS('Shade Match'!$C$5:$C$304,B19,'Shade Match'!$Q$5:$Q$304,"Failed")>0,"Failed","Approved"))) | S19: =IF(B19="","",SUMIF('Fabric Inventory'!$C$5:$C$304,B19,'Fabric Inventory'!$H$5:$H$304)) | T19: =IF(B19="","",SUMIF('Fabric Inventory'!$C$5:$C$304,B19,'Fabric Inventory'!$K$5:$K$304)) | U19: =IF(B19="","",SUMIF('Fabric Inventory'!$C$5:$C$304,B19,'Fabric Inventory'!$L$5:$L$304)) | V19: =IF(B19="","",SUMIF('Fabric Inventory'!$C$5:$C$304,B19,'Fabric Inventory'!$N$5:$N$304)) | W19: =IF(B19="","",SUMIF('Fabric Inventory'!$C$5:$C$304,B19,'Fabric Inventory'!$O$5:$O$304))
A20: =IF('FGPO Master'!A14="","",'FGPO Master'!E14) | B20: =IF('FGPO Master'!A14="","",IF('FGPO Master'!D14="FGPO Pending","FGPO Pending",'FGPO Master'!B14)) | C20: =IF('FGPO Master'!A14="","",'FGPO Master'!D14) | D20: =IF('FGPO Master'!A14="","",'FGPO Master'!F14) | E20: =IF('FGPO Master'!A14="","",'FGPO Master'!G14) | F20: =IF('FGPO Master'!A14="","",'FGPO Master'!H14) | G20: =IF('FGPO Master'!A14="","",'FGPO Master'!M14) | H20: =IF(B20="","",SUMIF('Fabric Requirement'!$B$5:$B$304,B20,'Fabric Requirement'!$M$5:$M$304)+SUMIF('Fabric Requirement'!$B$5:$B$304,B20,'Fabric Requirement'!$O$5:$O$304)) | I20: =IF(B20="","",SUMIF('Fabric PO'!$B$5:$B$304,B20,'Fabric PO'!$H$5:$H$304)) | J20: =IF(B20="","",SUMIF('Mill Production'!$C$5:$C$304,B20,'Mill Production'!$I$5:$I$304)) | K20: =IF(B20="","",IF(COUNTIF('Mill Test'!$C$5:$C$304,B20)=0,"Pending",IF(COUNTIFS('Mill Test'!$C$5:$C$304,B20,'Mill Test'!$T$5:$T$304,"Failed")>0,"Failed","Passed"))) | L20: =IF(B20="","",SUMIF('Fabric Shipment'!$C$5:$C$304,B20,'Fabric Shipment'!$G$5:$G$304)) | M20: =IF(B20="","",SUMIF('Fabric Shipment'!$C$5:$C$304,B20,'Fabric Shipment'!$R$5:$R$304)) | N20: =IF(B20="","",SUMIF('Fabric Receiving'!$E$5:$E$304,B20,'Fabric Receiving'!$H$5:$H$304)) | O20: =IF(B20="","",SUMIF('Fabric Receiving'!$E$5:$E$304,B20,'Fabric Receiving'!$I$5:$I$304)) | P20: =IF(B20="","",IF(COUNTIF('Four-Point'!$E$5:$E$304,B20)=0,"Pending",IF(COUNTIFS('Four-Point'!$E$5:$E$304,B20,'Four-Point'!$T$5:$T$304,"Failed")>0,"Failed","Passed"))) | Q20: =IF(B20="","",IF(COUNTIF('Internal Test'!$D$5:$D$304,B20)=0,"Pending",IF(COUNTIFS('Internal Test'!$D$5:$D$304,B20,'Internal Test'!$AA$5:$AA$304,"Failed")>0,"Failed","Passed"))) | R20: =IF(B20="","",IF(COUNTIF('Shade Match'!$C$5:$C$304,B20)=0,"Pending",IF(COUNTIFS('Shade Match'!$C$5:$C$304,B20,'Shade Match'!$Q$5:$Q$304,"Failed")>0,"Failed","Approved"))) | S20: =IF(B20="","",SUMIF('Fabric Inventory'!$C$5:$C$304,B20,'Fabric Inventory'!$H$5:$H$304)) | T20: =IF(B20="","",SUMIF('Fabric Inventory'!$C$5:$C$304,B20,'Fabric Inventory'!$K$5:$K$304)) | U20: =IF(B20="","",SUMIF('Fabric Inventory'!$C$5:$C$304,B20,'Fabric Inventory'!$L$5:$L$304)) | V20: =IF(B20="","",SUMIF('Fabric Inventory'!$C$5:$C$304,B20,'Fabric Inventory'!$N$5:$N$304)) | W20: =IF(B20="","",SUMIF('Fabric Inventory'!$C$5:$C$304,B20,'Fabric Inventory'!$O$5:$O$304))
A21: =IF('FGPO Master'!A15="","",'FGPO Master'!E15) | B21: =IF('FGPO Master'!A15="","",IF('FGPO Master'!D15="FGPO Pending","FGPO Pending",'FGPO Master'!B15)) | C21: =IF('FGPO Master'!A15="","",'FGPO Master'!D15) | D21: =IF('FGPO Master'!A15="","",'FGPO Master'!F15) | E21: =IF('FGPO Master'!A15="","",'FGPO Master'!G15) | F21: =IF('FGPO Master'!A15="","",'FGPO Master'!H15) | G21: =IF('FGPO Master'!A15="","",'FGPO Master'!M15) | H21: =IF(B21="","",SUMIF('Fabric Requirement'!$B$5:$B$304,B21,'Fabric Requirement'!$M$5:$M$304)+SUMIF('Fabric Requirement'!$B$5:$B$304,B21,'Fabric Requirement'!$O$5:$O$304)) | I21: =IF(B21="","",SUMIF('Fabric PO'!$B$5:$B$304,B21,'Fabric PO'!$H$5:$H$304)) | J21: =IF(B21="","",SUMIF('Mill Production'!$C$5:$C$304,B21,'Mill Production'!$I$5:$I$304)) | K21: =IF(B21="","",IF(COUNTIF('Mill Test'!$C$5:$C$304,B21)=0,"Pending",IF(COUNTIFS('Mill Test'!$C$5:$C$304,B21,'Mill Test'!$T$5:$T$304,"Failed")>0,"Failed","Passed"))) | L21: =IF(B21="","",SUMIF('Fabric Shipment'!$C$5:$C$304,B21,'Fabric Shipment'!$G$5:$G$304)) | M21: =IF(B21="","",SUMIF('Fabric Shipment'!$C$5:$C$304,B21,'Fabric Shipment'!$R$5:$R$304)) | N21: =IF(B21="","",SUMIF('Fabric Receiving'!$E$5:$E$304,B21,'Fabric Receiving'!$H$5:$H$304)) | O21: =IF(B21="","",SUMIF('Fabric Receiving'!$E$5:$E$304,B21,'Fabric Receiving'!$I$5:$I$304)) | P21: =IF(B21="","",IF(COUNTIF('Four-Point'!$E$5:$E$304,B21)=0,"Pending",IF(COUNTIFS('Four-Point'!$E$5:$E$304,B21,'Four-Point'!$T$5:$T$304,"Failed")>0,"Failed","Passed"))) | Q21: =IF(B21="","",IF(COUNTIF('Internal Test'!$D$5:$D$304,B21)=0,"Pending",IF(COUNTIFS('Internal Test'!$D$5:$D$304,B21,'Internal Test'!$AA$5:$AA$304,"Failed")>0,"Failed","Passed"))) | R21: =IF(B21="","",IF(COUNTIF('Shade Match'!$C$5:$C$304,B21)=0,"Pending",IF(COUNTIFS('Shade Match'!$C$5:$C$304,B21,'Shade Match'!$Q$5:$Q$304,"Failed")>0,"Failed","Approved"))) | S21: =IF(B21="","",SUMIF('Fabric Inventory'!$C$5:$C$304,B21,'Fabric Inventory'!$H$5:$H$304)) | T21: =IF(B21="","",SUMIF('Fabric Inventory'!$C$5:$C$304,B21,'Fabric Inventory'!$K$5:$K$304)) | U21: =IF(B21="","",SUMIF('Fabric Inventory'!$C$5:$C$304,B21,'Fabric Inventory'!$L$5:$L$304)) | V21: =IF(B21="","",SUMIF('Fabric Inventory'!$C$5:$C$304,B21,'Fabric Inventory'!$N$5:$N$304)) | W21: =IF(B21="","",SUMIF('Fabric Inventory'!$C$5:$C$304,B21,'Fabric Inventory'!$O$5:$O$304))
A22: =IF('FGPO Master'!A16="","",'FGPO Master'!E16) | B22: =IF('FGPO Master'!A16="","",IF('FGPO Master'!D16="FGPO Pending","FGPO Pending",'FGPO Master'!B16)) | C22: =IF('FGPO Master'!A16="","",'FGPO Master'!D16) | D22: =IF('FGPO Master'!A16="","",'FGPO Master'!F16) | E22: =IF('FGPO Master'!A16="","",'FGPO Master'!G16) | F22: =IF('FGPO Master'!A16="","",'FGPO Master'!H16) | G22: =IF('FGPO Master'!A16="","",'FGPO Master'!M16) | H22: =IF(B22="","",SUMIF('Fabric Requirement'!$B$5:$B$304,B22,'Fabric Requirement'!$M$5:$M$304)+SUMIF('Fabric Requirement'!$B$5:$B$304,B22,'Fabric Requirement'!$O$5:$O$304)) | I22: =IF(B22="","",SUMIF('Fabric PO'!$B$5:$B$304,B22,'Fabric PO'!$H$5:$H$304)) | J22: =IF(B22="","",SUMIF('Mill Production'!$C$5:$C$304,B22,'Mill Production'!$I$5:$I$304)) | K22: =IF(B22="","",IF(COUNTIF('Mill Test'!$C$5:$C$304,B22)=0,"Pending",IF(COUNTIFS('Mill Test'!$C$5:$C$304,B22,'Mill Test'!$T$5:$T$304,"Failed")>0,"Failed","Passed"))) | L22: =IF(B22="","",SUMIF('Fabric Shipment'!$C$5:$C$304,B22,'Fabric Shipment'!$G$5:$G$304)) | M22: =IF(B22="","",SUMIF('Fabric Shipment'!$C$5:$C$304,B22,'Fabric Shipment'!$R$5:$R$304)) | N22: =IF(B22="","",SUMIF('Fabric Receiving'!$E$5:$E$304,B22,'Fabric Receiving'!$H$5:$H$304)) | O22: =IF(B22="","",SUMIF('Fabric Receiving'!$E$5:$E$304,B22,'Fabric Receiving'!$I$5:$I$304)) | P22: =IF(B22="","",IF(COUNTIF('Four-Point'!$E$5:$E$304,B22)=0,"Pending",IF(COUNTIFS('Four-Point'!$E$5:$E$304,B22,'Four-Point'!$T$5:$T$304,"Failed")>0,"Failed","Passed"))) | Q22: =IF(B22="","",IF(COUNTIF('Internal Test'!$D$5:$D$304,B22)=0,"Pending",IF(COUNTIFS('Internal Test'!$D$5:$D$304,B22,'Internal Test'!$AA$5:$AA$304,"Failed")>0,"Failed","Passed"))) | R22: =IF(B22="","",IF(COUNTIF('Shade Match'!$C$5:$C$304,B22)=0,"Pending",IF(COUNTIFS('Shade Match'!$C$5:$C$304,B22,'Shade Match'!$Q$5:$Q$304,"Failed")>0,"Failed","Approved"))) | S22: =IF(B22="","",SUMIF('Fabric Inventory'!$C$5:$C$304,B22,'Fabric Inventory'!$H$5:$H$304)) | T22: =IF(B22="","",SUMIF('Fabric Inventory'!$C$5:$C$304,B22,'Fabric Inventory'!$K$5:$K$304)) | U22: =IF(B22="","",SUMIF('Fabric Inventory'!$C$5:$C$304,B22,'Fabric Inventory'!$L$5:$L$304)) | V22: =IF(B22="","",SUMIF('Fabric Inventory'!$C$5:$C$304,B22,'Fabric Inventory'!$N$5:$N$304)) | W22: =IF(B22="","",SUMIF('Fabric Inventory'!$C$5:$C$304,B22,'Fabric Inventory'!$O$5:$O$304))
... A210: =IF('FGPO Master'!A204="","",'FGPO Master'!E204) | B210: =IF('FGPO Master'!A204="","",IF('FGPO Master'!D204="FGPO Pending","FGPO Pending",'FGPO Master'!B204)) | C210: =IF('FGPO Master'!A204="","",'FGPO Master'!D204) | D210: =IF('FGPO Master'!A204="","",'FGPO Master'!F204) | E210: =IF('FGPO Master'!A204="","",'FGPO Master'!G204) | F210: =IF('FGPO Master'!A204="","",'FGPO Master'!H204) | G210: =IF('FGPO Master'!A204="","",'FGPO Master'!M204) | H210: =IF(B210="","",SUMIF('Fabric Requirement'!$B$5:$B$304,B210,'Fabric Requirement'!$M$5:$M$304)+SUMIF('Fabric Requirement'!$B$5:$B$304,B210,'Fabric Requirement'!$O$5:$O$304)) | I210: =IF(B210="","",SUMIF('Fabric PO'!$B$5:$B$304,B210,'Fabric PO'!$H$5:$H$304)) | J210: =IF(B210="","",SUMIF('Mill Production'!$C$5:$C$304,B210,'Mill Production'!$I$5:$I$304)) | K210: =IF(B210="","",IF(COUNTIF('Mill Test'!$C$5:$C$304,B210)=0,"Pending",IF(COUNTIFS('Mill Test'!$C$5:$C$304,B210,'Mill Test'!$T$5:$T$304,"Failed")>0,"Failed","Passed"))) | L210: =IF(B210="","",SUMIF('Fabric Shipment'!$C$5:$C$304,B210,'Fabric Shipment'!$G$5:$G$304)) | M210: =IF(B210="","",SUMIF('Fabric Shipment'!$C$5:$C$304,B210,'Fabric Shipment'!$R$5:$R$304)) | N210: =IF(B210="","",SUMIF('Fabric Receiving'!$E$5:$E$304,B210,'Fabric Receiving'!$H$5:$H$304)) | O210: =IF(B210="","",SUMIF('Fabric Receiving'!$E$5:$E$304,B210,'Fabric Receiving'!$I$5:$I$304)) | P210: =IF(B210="","",IF(COUNTIF('Four-Point'!$E$5:$E$304,B210)=0,"Pending",IF(COUNTIFS('Four-Point'!$E$5:$E$304,B210,'Four-Point'!$T$5:$T$304,"Failed")>0,"Failed","Passed"))) | Q210: =IF(B210="","",IF(COUNTIF('Internal Test'!$D$5:$D$304,B210)=0,"Pending",IF(COUNTIFS('Internal Test'!$D$5:$D$304,B210,'Internal Test'!$AA$5:$AA$304,"Failed")>0,"Failed","Passed"))) | R210: =IF(B210="","",IF(COUNTIF('Shade Match'!$C$5:$C$304,B210)=0,"Pending",IF(COUNTIFS('Shade Match'!$C$5:$C$304,B210,'Shade Match'!$Q$5:$Q$304,"Failed")>0,"Failed","Approved"))) | S210: =IF(B210="","",SUMIF('Fabric Inventory'!$C$5:$C$304,B210,'Fabric Inventory'!$H$5:$H$304)) | T210: =IF(B210="","",SUMIF('Fabric Inventory'!$C$5:$C$304,B210,'Fabric Inventory'!$K$5:$K$304)) | U210: =IF(B210="","",SUMIF('Fabric Inventory'!$C$5:$C$304,B210,'Fabric Inventory'!$L$5:$L$304)) | V210: =IF(B210="","",SUMIF('Fabric Inventory'!$C$5:$C$304,B210,'Fabric Inventory'!$N$5:$N$304)) | W210: =IF(B210="","",SUMIF('Fabric Inventory'!$C$5:$C$304,B210,'Fabric Inventory'!$O$5:$O$304))

Sheet FGPO Master
A1: TEXNICA TPCS 1.0 — FGPO MASTER
A2: Yellow cells = input | Gray cells = automatic formulas | Use one official record per transaction
A4: Record ID | B4: FGPO | C4: Temporary Order ID | D4: FGPO Status | E4: Customer | F4: Style | G4: Color | H4: Order Quantity | I4: Ship Date | J4: In Transit Qty | K4: Received Qty | L4: Total Shipped Qty | M4: Shipment Variance | N4: Pending to Ship | O4: Over-shipment Qty | P4: Produced Qty | Q4: Production Variance | R4: Pending Production | S4: Overproduction Qty | T4: Data Owner | U4: Last Updated | V4: Remarks
L5: =IF(A5="","",J5+K5) | M5: =IF(A5="","",L5-H5) | N5: =IF(A5="","",MAX(0,H5-L5)) | O5: =IF(A5="","",MAX(0,L5-H5)) | Q5: =IF(A5="","",P5-H5) | R5: =IF(A5="","",MAX(0,H5-P5)) | S5: =IF(A5="","",MAX(0,P5-H5))
L6: =IF(A6="","",J6+K6) | M6: =IF(A6="","",L6-H6) | N6: =IF(A6="","",MAX(0,H6-L6)) | O6: =IF(A6="","",MAX(0,L6-H6)) | Q6: =IF(A6="","",P6-H6) | R6: =IF(A6="","",MAX(0,H6-P6)) | S6: =IF(A6="","",MAX(0,P6-H6))
L7: =IF(A7="","",J7+K7) | M7: =IF(A7="","",L7-H7) | N7: =IF(A7="","",MAX(0,H7-L7)) | O7: =IF(A7="","",MAX(0,L7-H7)) | Q7: =IF(A7="","",P7-H7) | R7: =IF(A7="","",MAX(0,H7-P7)) | S7: =IF(A7="","",MAX(0,P7-H7))
L8: =IF(A8="","",J8+K8) | M8: =IF(A8="","",L8-H8) | N8: =IF(A8="","",MAX(0,H8-L8)) | O8: =IF(A8="","",MAX(0,L8-H8)) | Q8: =IF(A8="","",P8-H8) | R8: =IF(A8="","",MAX(0,H8-P8)) | S8: =IF(A8="","",MAX(0,P8-H8))
L9: =IF(A9="","",J9+K9) | M9: =IF(A9="","",L9-H9) | N9: =IF(A9="","",MAX(0,H9-L9)) | O9: =IF(A9="","",MAX(0,L9-H9)) | Q9: =IF(A9="","",P9-H9) | R9: =IF(A9="","",MAX(0,H9-P9)) | S9: =IF(A9="","",MAX(0,P9-H9))
L10: =IF(A10="","",J10+K10) | M10: =IF(A10="","",L10-H10) | N10: =IF(A10="","",MAX(0,H10-L10)) | O10: =IF(A10="","",MAX(0,L10-H10)) | Q10: =IF(A10="","",P10-H10) | R10: =IF(A10="","",MAX(0,H10-P10)) | S10: =IF(A10="","",MAX(0,P10-H10))
L11: =IF(A11="","",J11+K11) | M11: =IF(A11="","",L11-H11) | N11: =IF(A11="","",MAX(0,H11-L11)) | O11: =IF(A11="","",MAX(0,L11-H11)) | Q11: =IF(A11="","",P11-H11) | R11: =IF(A11="","",MAX(0,H11-P11)) | S11: =IF(A11="","",MAX(0,P11-H11))
L12: =IF(A12="","",J12+K12) | M12: =IF(A12="","",L12-H12) | N12: =IF(A12="","",MAX(0,H12-L12)) | O12: =IF(A12="","",MAX(0,L12-H12)) | Q12: =IF(A12="","",P12-H12) | R12: =IF(A12="","",MAX(0,H12-P12)) | S12: =IF(A12="","",MAX(0,P12-H12))
L13: =IF(A13="","",J13+K13) | M13: =IF(A13="","",L13-H13) | N13: =IF(A13="","",MAX(0,H13-L13)) | O13: =IF(A13="","",MAX(0,L13-H13)) | Q13: =IF(A13="","",P13-H13) | R13: =IF(A13="","",MAX(0,H13-P13)) | S13: =IF(A13="","",MAX(0,P13-H13))
L14: =IF(A14="","",J14+K14) | M14: =IF(A14="","",L14-H14) | N14: =IF(A14="","",MAX(0,H14-L14)) | O14: =IF(A14="","",MAX(0,L14-H14)) | Q14: =IF(A14="","",P14-H14) | R14: =IF(A14="","",MAX(0,H14-P14)) | S14: =IF(A14="","",MAX(0,P14-H14))
L15: =IF(A15="","",J15+K15) | M15: =IF(A15="","",L15-H15) | N15: =IF(A15="","",MAX(0,H15-L15)) | O15: =IF(A15="","",MAX(0,L15-H15)) | Q15: =IF(A15="","",P15-H15) | R15: =IF(A15="","",MAX(0,H15-P15)) | S15: =IF(A15="","",MAX(0,P15-H15))
L16: =IF(A16="","",J16+K16) | M16: =IF(A16="","",L16-H16) | N16: =IF(A16="","",MAX(0,H16-L16)) | O16: =IF(A16="","",MAX(0,L16-H16)) | Q16: =IF(A16="","",P16-H16) | R16: =IF(A16="","",MAX(0,H16-P16)) | S16: =IF(A16="","",MAX(0,P16-H16))
... L304: =IF(A304="","",J304+K304) | M304: =IF(A304="","",L304-H304) | N304: =IF(A304="","",MAX(0,H304-L304)) | O304: =IF(A304="","",MAX(0,L304-H304)) | Q304: =IF(A304="","",P304-H304) | R304: =IF(A304="","",MAX(0,H304-P304)) | S304: =IF(A304="","",MAX(0,P304-H304))

Sheet Fabric Requirement
A1: TEXNICA TPCS 1.0 — FABRIC REQUIREMENT
A2: Yellow cells = input | Gray cells = automatic formulas | Use one official record per transaction
A4: Requirement ID | B4: FGPO | C4: Style | D4: Color | E4: Fabric Component | F4: Fabric Description | G4: Composition | H4: GSM | I4: Required Width | J4: UOM | K4: Order Quantity | L4: Approved Yield | M4: Gross Requirement | N4: Allowance % | O4: Allowance Qty | P4: Available Inventory | Q4: Net Purchase Requirement | R4: Required Date | S4: Status | T4: Data Owner | U4: Last Updated | V4: Remarks
M5: =IF(A5="","",K5*L5) | O5: =IF(A5="","",M5*N5) | Q5: =IF(A5="","",MAX(0,M5+O5-P5))
M6: =IF(A6="","",K6*L6) | O6: =IF(A6="","",M6*N6) | Q6: =IF(A6="","",MAX(0,M6+O6-P6))
M7: =IF(A7="","",K7*L7) | O7: =IF(A7="","",M7*N7) | Q7: =IF(A7="","",MAX(0,M7+O7-P7))
M8: =IF(A8="","",K8*L8) | O8: =IF(A8="","",M8*N8) | Q8: =IF(A8="","",MAX(0,M8+O8-P8))
M9: =IF(A9="","",K9*L9) | O9: =IF(A9="","",M9*N9) | Q9: =IF(A9="","",MAX(0,M9+O9-P9))
M10: =IF(A10="","",K10*L10) | O10: =IF(A10="","",M10*N10) | Q10: =IF(A10="","",MAX(0,M10+O10-P10))
M11: =IF(A11="","",K11*L11) | O11: =IF(A11="","",M11*N11) | Q11: =IF(A11="","",MAX(0,M11+O11-P11))
M12: =IF(A12="","",K12*L12) | O12: =IF(A12="","",M12*N12) | Q12: =IF(A12="","",MAX(0,M12+O12-P12))
M13: =IF(A13="","",K13*L13) | O13: =IF(A13="","",M13*N13) | Q13: =IF(A13="","",MAX(0,M13+O13-P13))
M14: =IF(A14="","",K14*L14) | O14: =IF(A14="","",M14*N14) | Q14: =IF(A14="","",MAX(0,M14+O14-P14))
M15: =IF(A15="","",K15*L15) | O15: =IF(A15="","",M15*N15) | Q15: =IF(A15="","",MAX(0,M15+O15-P15))
M16: =IF(A16="","",K16*L16) | O16: =IF(A16="","",M16*N16) | Q16: =IF(A16="","",MAX(0,M16+O16-P16))
... M304: =IF(A304="","",K304*L304) | O304: =IF(A304="","",M304*N304) | Q304: =IF(A304="","",MAX(0,M304+O304-P304))

Sheet Fabric PO
A1: TEXNICA TPCS 1.0 — FABRIC PO
A2: Yellow cells = input | Gray cells = automatic formulas | Use one official record per transaction
A4: Fabric PO Number | B4: FGPO | C4: Supplier | D4: Fabric Mill | E4: Fabric Component | F4: Style | G4: Color | H4: Ordered Quantity | I4: UOM | J4: Unit Price | K4: PO Amount | L4: Order Date | M4: Required Completion | N4: Planned Export | O4: Planned Arrival | P4: PO Status | Q4: Purchase Owner | R4: Approved By | S4: Last Updated | T4: Remarks
K5: =IF(A5="","",H5*J5)
K6: =IF(A6="","",H6*J6)
K7: =IF(A7="","",H7*J7)
K8: =IF(A8="","",H8*J8)
K9: =IF(A9="","",H9*J9)
K10: =IF(A10="","",H10*J10)
K11: =IF(A11="","",H11*J11)
K12: =IF(A12="","",H12*J12)
K13: =IF(A13="","",H13*J13)
K14: =IF(A14="","",H14*J14)
K15: =IF(A15="","",H15*J15)
K16: =IF(A16="","",H16*J16)
... K304: =IF(A304="","",H304*J304)

Sheet Mill Production
A1: TEXNICA TPCS 1.0 — MILL PRODUCTION
A2: Yellow cells = input | Gray cells = automatic formulas | Use one official record per transaction
A4: Production ID | B4: Fabric PO Number | C4: FGPO | D4: Supplier | E4: Fabric Component | F4: Style | G4: Color | H4: Planned Quantity | I4: Produced Quantity | J4: Completion % | K4: Lot Number | L4: Roll Quantity | M4: Yardage / Qty | N4: Weight | O4: Start Date | P4: Finish Date | Q4: Planned Export | R4: Actual Export | S4: Status | T4: Data Owner | U4: Last Updated | V4: Remarks
J5: =IF(OR(A5="",H5=0),"",I5/H5)
J6: =IF(OR(A6="",H6=0),"",I6/H6)
J7: =IF(OR(A7="",H7=0),"",I7/H7)
J8: =IF(OR(A8="",H8=0),"",I8/H8)
J9: =IF(OR(A9="",H9=0),"",I9/H9)
J10: =IF(OR(A10="",H10=0),"",I10/H10)
J11: =IF(OR(A11="",H11=0),"",I11/H11)
J12: =IF(OR(A12="",H12=0),"",I12/H12)
J13: =IF(OR(A13="",H13=0),"",I13/H13)
J14: =IF(OR(A14="",H14=0),"",I14/H14)
J15: =IF(OR(A15="",H15=0),"",I15/H15)
J16: =IF(OR(A16="",H16=0),"",I16/H16)
... J304: =IF(OR(A304="",H304=0),"",I304/H304)

Sheet Mill Test
A1: TEXNICA TPCS 1.0 — MILL TEST
A2: Yellow cells = input | Gray cells = automatic formulas | Use one official record per transaction
A4: Mill Test ID | B4: Fabric PO Number | C4: FGPO | D4: Supplier | E4: Lot Number | F4: Color | G4: Roll Qty | H4: Actual Width | I4: Actual GSM | J4: Length Shrinkage % | K4: Width Shrinkage % | L4: Torque % | M4: Bowing % | N4: Skewing % | O4: Colorfastness | P4: Wash Appearance | Q4: Hand Feel | R4: Test Date | S4: Tested By | T4: Test Result | U4: Approved for Export | V4: Report Link | W4: Last Updated | X4: Comments

Sheet Fabric Shipment
A1: TEXNICA TPCS 1.0 — FABRIC SHIPMENT
A2: Yellow cells = input | Gray cells = automatic formulas | Use one official record per transaction
A4: Shipment Number | B4: Fabric PO Number | C4: FGPO | D4: Supplier | E4: Lot Number | F4: Roll Qty | G4: Shipped Quantity | H4: UOM | I4: Shipped Weight | J4: Packing List | K4: Invoice Number | L4: Container / AWB | M4: Shipping Method | N4: ETD | O4: ETA | P4: Shipment Status | Q4: Delivered to Texnica Date | R4: In Transit Quantity | S4: Remaining to Deliver | T4: Data Owner | U4: Last Updated | V4: Remarks
R5: =IF(A5="","",IF(OR(P5="Delivered",P5="Closed"),0,G5)) | S5: =IF(A5="","",MAX(0,G5-SUMIFS('Fabric Receiving'!$H$5:$H$304,'Fabric Receiving'!$C$5:$C$304,A5)))
R6: =IF(A6="","",IF(OR(P6="Delivered",P6="Closed"),0,G6)) | S6: =IF(A6="","",MAX(0,G6-SUMIFS('Fabric Receiving'!$H$5:$H$304,'Fabric Receiving'!$C$5:$C$304,A6)))
R7: =IF(A7="","",IF(OR(P7="Delivered",P7="Closed"),0,G7)) | S7: =IF(A7="","",MAX(0,G7-SUMIFS('Fabric Receiving'!$H$5:$H$304,'Fabric Receiving'!$C$5:$C$304,A7)))
R8: =IF(A8="","",IF(OR(P8="Delivered",P8="Closed"),0,G8)) | S8: =IF(A8="","",MAX(0,G8-SUMIFS('Fabric Receiving'!$H$5:$H$304,'Fabric Receiving'!$C$5:$C$304,A8)))
R9: =IF(A9="","",IF(OR(P9="Delivered",P9="Closed"),0,G9)) | S9: =IF(A9="","",MAX(0,G9-SUMIFS('Fabric Receiving'!$H$5:$H$304,'Fabric Receiving'!$C$5:$C$304,A9)))
R10: =IF(A10="","",IF(OR(P10="Delivered",P10="Closed"),0,G10)) | S10: =IF(A10="","",MAX(0,G10-SUMIFS('Fabric Receiving'!$H$5:$H$304,'Fabric Receiving'!$C$5:$C$304,A10)))
R11: =IF(A11="","",IF(OR(P11="Delivered",P11="Closed"),0,G11)) | S11: =IF(A11="","",MAX(0,G11-SUMIFS('Fabric Receiving'!$H$5:$H$304,'Fabric Receiving'!$C$5:$C$304,A11)))
R12: =IF(A12="","",IF(OR(P12="Delivered",P12="Closed"),0,G12)) | S12: =IF(A12="","",MAX(0,G12-SUMIFS('Fabric Receiving'!$H$5:$H$304,'Fabric Receiving'!$C$5:$C$304,A12)))
R13: =IF(A13="","",IF(OR(P13="Delivered",P13="Closed"),0,G13)) | S13: =IF(A13="","",MAX(0,G13-SUMIFS('Fabric Receiving'!$H$5:$H$304,'Fabric Receiving'!$C$5:$C$304,A13)))
R14: =IF(A14="","",IF(OR(P14="Delivered",P14="Closed"),0,G14)) | S14: =IF(A14="","",MAX(0,G14-SUMIFS('Fabric Receiving'!$H$5:$H$304,'Fabric Receiving'!$C$5:$C$304,A14)))
R15: =IF(A15="","",IF(OR(P15="Delivered",P15="Closed"),0,G15)) | S15: =IF(A15="","",MAX(0,G15-SUMIFS('Fabric Receiving'!$H$5:$H$304,'Fabric Receiving'!$C$5:$C$304,A15)))
R16: =IF(A16="","",IF(OR(P16="Delivered",P16="Closed"),0,G16)) | S16: =IF(A16="","",MAX(0,G16-SUMIFS('Fabric Receiving'!$H$5:$H$304,'Fabric Receiving'!$C$5:$C$304,A16)))
... R304: =IF(A304="","",IF(OR(P304="Delivered",P304="Closed"),0,G304)) | S304: =IF(A304="","",MAX(0,G304-SUMIFS('Fabric Receiving'!$H$5:$H$304,'Fabric Receiving'!$C$5:$C$304,A304)))

Sheet Fabric Receiving
A1: TEXNICA TPCS 1.0 — FABRIC RECEIVING
A2: Yellow cells = input | Gray cells = automatic formulas | Use one official record per transaction
A4: Receiving Number | B4: Receiving Date | C4: Shipment Number | D4: Fabric PO Number | E4: FGPO | F4: Supplier | G4: Packing List Qty | H4: Actual Received Qty | I4: Receiving Variance | J4: Receiving Shortage | K4: Receiving Over Qty | L4: Expected Rolls | M4: Received Rolls | N4: Missing Rolls | O4: Receiving Status | P4: Warehouse Location | Q4: Received By | R4: Data Owner | S4: Last Updated | T4: Remarks
I5: =IF(A5="","",H5-G5) | J5: =IF(A5="","",MAX(0,G5-H5)) | K5: =IF(A5="","",MAX(0,H5-G5)) | N5: =IF(A5="","",MAX(0,L5-M5))
I6: =IF(A6="","",H6-G6) | J6: =IF(A6="","",MAX(0,G6-H6)) | K6: =IF(A6="","",MAX(0,H6-G6)) | N6: =IF(A6="","",MAX(0,L6-M6))
I7: =IF(A7="","",H7-G7) | J7: =IF(A7="","",MAX(0,G7-H7)) | K7: =IF(A7="","",MAX(0,H7-G7)) | N7: =IF(A7="","",MAX(0,L7-M7))
I8: =IF(A8="","",H8-G8) | J8: =IF(A8="","",MAX(0,G8-H8)) | K8: =IF(A8="","",MAX(0,H8-G8)) | N8: =IF(A8="","",MAX(0,L8-M8))
I9: =IF(A9="","",H9-G9) | J9: =IF(A9="","",MAX(0,G9-H9)) | K9: =IF(A9="","",MAX(0,H9-G9)) | N9: =IF(A9="","",MAX(0,L9-M9))
I10: =IF(A10="","",H10-G10) | J10: =IF(A10="","",MAX(0,G10-H10)) | K10: =IF(A10="","",MAX(0,H10-G10)) | N10: =IF(A10="","",MAX(0,L10-M10))
I11: =IF(A11="","",H11-G11) | J11: =IF(A11="","",MAX(0,G11-H11)) | K11: =IF(A11="","",MAX(0,H11-G11)) | N11: =IF(A11="","",MAX(0,L11-M11))
I12: =IF(A12="","",H12-G12) | J12: =IF(A12="","",MAX(0,G12-H12)) | K12: =IF(A12="","",MAX(0,H12-G12)) | N12: =IF(A12="","",MAX(0,L12-M12))
I13: =IF(A13="","",H13-G13) | J13: =IF(A13="","",MAX(0,G13-H13)) | K13: =IF(A13="","",MAX(0,H13-G13)) | N13: =IF(A13="","",MAX(0,L13-M13))
I14: =IF(A14="","",H14-G14) | J14: =IF(A14="","",MAX(0,G14-H14)) | K14: =IF(A14="","",MAX(0,H14-G14)) | N14: =IF(A14="","",MAX(0,L14-M14))
I15: =IF(A15="","",H15-G15) | J15: =IF(A15="","",MAX(0,G15-H15)) | K15: =IF(A15="","",MAX(0,H15-G15)) | N15: =IF(A15="","",MAX(0,L15-M15))
I16: =IF(A16="","",H16-G16) | J16: =IF(A16="","",MAX(0,G16-H16)) | K16: =IF(A16="","",MAX(0,H16-G16)) | N16: =IF(A16="","",MAX(0,L16-M16))
... I304: =IF(A304="","",H304-G304) | J304: =IF(A304="","",MAX(0,G304-H304)) | K304: =IF(A304="","",MAX(0,H304-G304)) | N304: =IF(A304="","",MAX(0,L304-M304))

Sheet Roll Receiving
A1: TEXNICA TPCS 1.0 — ROLL RECEIVING
A2: Yellow cells = input | Gray cells = automatic formulas | Use one official record per transaction
A4: Roll Record ID | B4: Receiving Number | C4: Fabric PO Number | D4: FGPO | E4: Supplier | F4: Lot Number | G4: Roll Number | H4: Supplier Roll Number | I4: Color | J4: Gross Weight | K4: Net Weight | L4: Actual Yardage | M4: Actual Width | N4: Actual GSM | O4: Shade Group | P4: Damaged Qty | Q4: Condition | R4: Warehouse Location | S4: Received Date | T4: Data Owner | U4: Last Updated | V4: Comments

Sheet Four-Point
A1: TEXNICA TPCS 1.0 — FOUR-POINT
A2: Yellow cells = input | Gray cells = automatic formulas | Use one official record per transaction
A4: Inspection ID | B4: Inspection Date | C4: Receiving Number | D4: Fabric PO Number | E4: FGPO | F4: Lot Number | G4: Roll Number | H4: Width (in) | I4: Inspected Length (yd) | J4: 1-Point | K4: 2-Point | L4: 3-Point | M4: 4-Point | N4: Total Points | O4: Points / 100 sq yd | P4: Max Allowed | Q4: Accepted Qty | R4: Rejected Qty | S4: Hold Qty | T4: Result | U4: Inspector | V4: Report Link | W4: Last Updated | X4: Comments
N5: =IF(A5="","",J5+2*K5+3*L5+4*M5) | O5: =IF(OR(A5="",H5=0,I5=0),"",N5*3600/(H5*I5)) | P5: =IF(A5="","",Lists!$K$2) | T5: =IF(A5="","",IF(O5<=P5,"Passed","Failed"))
N6: =IF(A6="","",J6+2*K6+3*L6+4*M6) | O6: =IF(OR(A6="",H6=0,I6=0),"",N6*3600/(H6*I6)) | P6: =IF(A6="","",Lists!$K$2) | T6: =IF(A6="","",IF(O6<=P6,"Passed","Failed"))
N7: =IF(A7="","",J7+2*K7+3*L7+4*M7) | O7: =IF(OR(A7="",H7=0,I7=0),"",N7*3600/(H7*I7)) | P7: =IF(A7="","",Lists!$K$2) | T7: =IF(A7="","",IF(O7<=P7,"Passed","Failed"))
N8: =IF(A8="","",J8+2*K8+3*L8+4*M8) | O8: =IF(OR(A8="",H8=0,I8=0),"",N8*3600/(H8*I8)) | P8: =IF(A8="","",Lists!$K$2) | T8: =IF(A8="","",IF(O8<=P8,"Passed","Failed"))
N9: =IF(A9="","",J9+2*K9+3*L9+4*M9) | O9: =IF(OR(A9="",H9=0,I9=0),"",N9*3600/(H9*I9)) | P9: =IF(A9="","",Lists!$K$2) | T9: =IF(A9="","",IF(O9<=P9,"Passed","Failed"))
N10: =IF(A10="","",J10+2*K10+3*L10+4*M10) | O10: =IF(OR(A10="",H10=0,I10=0),"",N10*3600/(H10*I10)) | P10: =IF(A10="","",Lists!$K$2) | T10: =IF(A10="","",IF(O10<=P10,"Passed","Failed"))
N11: =IF(A11="","",J11+2*K11+3*L11+4*M11) | O11: =IF(OR(A11="",H11=0,I11=0),"",N11*3600/(H11*I11)) | P11: =IF(A11="","",Lists!$K$2) | T11: =IF(A11="","",IF(O11<=P11,"Passed","Failed"))
N12: =IF(A12="","",J12+2*K12+3*L12+4*M12) | O12: =IF(OR(A12="",H12=0,I12=0),"",N12*3600/(H12*I12)) | P12: =IF(A12="","",Lists!$K$2) | T12: =IF(A12="","",IF(O12<=P12,"Passed","Failed"))
N13: =IF(A13="","",J13+2*K13+3*L13+4*M13) | O13: =IF(OR(A13="",H13=0,I13=0),"",N13*3600/(H13*I13)) | P13: =IF(A13="","",Lists!$K$2) | T13: =IF(A13="","",IF(O13<=P13,"Passed","Failed"))
N14: =IF(A14="","",J14+2*K14+3*L14+4*M14) | O14: =IF(OR(A14="",H14=0,I14=0),"",N14*3600/(H14*I14)) | P14: =IF(A14="","",Lists!$K$2) | T14: =IF(A14="","",IF(O14<=P14,"Passed","Failed"))
N15: =IF(A15="","",J15+2*K15+3*L15+4*M15) | O15: =IF(OR(A15="",H15=0,I15=0),"",N15*3600/(H15*I15)) | P15: =IF(A15="","",Lists!$K$2) | T15: =IF(A15="","",IF(O15<=P15,"Passed","Failed"))
N16: =IF(A16="","",J16+2*K16+3*L16+4*M16) | O16: =IF(OR(A16="",H16=0,I16=0),"",N16*3600/(H16*I16)) | P16: =IF(A16="","",Lists!$K$2) | T16: =IF(A16="","",IF(O16<=P16,"Passed","Failed"))
... N304: =IF(A304="","",J304+2*K304+3*L304+4*M304) | O304: =IF(OR(A304="",H304=0,I304=0),"",N304*3600/(H304*I304)) | P304: =IF(A304="","",Lists!$K$2) | T304: =IF(A304="","",IF(O304<=P304,"Passed","Failed"))

Sheet Internal Test
A1: TEXNICA TPCS 1.0 — INTERNAL TEST
A2: Yellow cells = input | Gray cells = automatic formulas | Use one official record per transaction
A4: Internal Test ID | B4: Test Date | C4: Fabric PO Number | D4: FGPO | E4: Lot Number | F4: Color | G4: Actual Width | H4: Specimen Area cm² | I4: Weight Before g | J4: GSM Before | K4: Weight After g | L4: GSM After | M4: Target GSM | N4: GSM Variance % | O4: Length Before | P4: Length After | Q4: Length Shrinkage % | R4: Width Before | S4: Width After | T4: Width Shrinkage % | U4: Torque % | V4: Bowing % | W4: Skewing % | X4: Shade Result | Y4: Wash Appearance | Z4: Hand Feel | AA4: Test Result | AB4: Tested By | AC4: Approved By | AD4: Report Link | AE4: Last Updated | AF4: Comments
J5: =IF(OR(A5="",H5=0),"",I5*10000/H5) | L5: =IF(OR(A5="",H5=0),"",K5*10000/H5) | N5: =IF(OR(A5="",M5=0),"",(L5-M5)/M5) | Q5: =IF(OR(A5="",O5=0),"",(O5-P5)/O5) | T5: =IF(OR(A5="",R5=0),"",(R5-S5)/R5) | AA5: =IF(A5="","",IF(OR(ABS(N5)>Lists!$K$6,ABS(Q5)>Lists!$K$3,ABS(T5)>Lists!$K$4,ABS(U5)>Lists!$K$5),"Failed","Passed"))
J6: =IF(OR(A6="",H6=0),"",I6*10000/H6) | L6: =IF(OR(A6="",H6=0),"",K6*10000/H6) | N6: =IF(OR(A6="",M6=0),"",(L6-M6)/M6) | Q6: =IF(OR(A6="",O6=0),"",(O6-P6)/O6) | T6: =IF(OR(A6="",R6=0),"",(R6-S6)/R6) | AA6: =IF(A6="","",IF(OR(ABS(N6)>Lists!$K$6,ABS(Q6)>Lists!$K$3,ABS(T6)>Lists!$K$4,ABS(U6)>Lists!$K$5),"Failed","Passed"))
J7: =IF(OR(A7="",H7=0),"",I7*10000/H7) | L7: =IF(OR(A7="",H7=0),"",K7*10000/H7) | N7: =IF(OR(A7="",M7=0),"",(L7-M7)/M7) | Q7: =IF(OR(A7="",O7=0),"",(O7-P7)/O7) | T7: =IF(OR(A7="",R7=0),"",(R7-S7)/R7) | AA7: =IF(A7="","",IF(OR(ABS(N7)>Lists!$K$6,ABS(Q7)>Lists!$K$3,ABS(T7)>Lists!$K$4,ABS(U7)>Lists!$K$5),"Failed","Passed"))
J8: =IF(OR(A8="",H8=0),"",I8*10000/H8) | L8: =IF(OR(A8="",H8=0),"",K8*10000/H8) | N8: =IF(OR(A8="",M8=0),"",(L8-M8)/M8) | Q8: =IF(OR(A8="",O8=0),"",(O8-P8)/O8) | T8: =IF(OR(A8="",R8=0),"",(R8-S8)/R8) | AA8: =IF(A8="","",IF(OR(ABS(N8)>Lists!$K$6,ABS(Q8)>Lists!$K$3,ABS(T8)>Lists!$K$4,ABS(U8)>Lists!$K$5),"Failed","Passed"))
J9: =IF(OR(A9="",H9=0),"",I9*10000/H9) | L9: =IF(OR(A9="",H9=0),"",K9*10000/H9) | N9: =IF(OR(A9="",M9=0),"",(L9-M9)/M9) | Q9: =IF(OR(A9="",O9=0),"",(O9-P9)/O9) | T9: =IF(OR(A9="",R9=0),"",(R9-S9)/R9) | AA9: =IF(A9="","",IF(OR(ABS(N9)>Lists!$K$6,ABS(Q9)>Lists!$K$3,ABS(T9)>Lists!$K$4,ABS(U9)>Lists!$K$5),"Failed","Passed"))
J10: =IF(OR(A10="",H10=0),"",I10*10000/H10) | L10: =IF(OR(A10="",H10=0),"",K10*10000/H10) | N10: =IF(OR(A10="",M10=0),"",(L10-M10)/M10) | Q10: =IF(OR(A10="",O10=0),"",(O10-P10)/O10) | T10: =IF(OR(A10="",R10=0),"",(R10-S10)/R10) | AA10: =IF(A10="","",IF(OR(ABS(N10)>Lists!$K$6,ABS(Q10)>Lists!$K$3,ABS(T10)>Lists!$K$4,ABS(U10)>Lists!$K$5),"Failed","Passed"))
J11: =IF(OR(A11="",H11=0),"",I11*10000/H11) | L11: =IF(OR(A11="",H11=0),"",K11*10000/H11) | N11: =IF(OR(A11="",M11=0),"",(L11-M11)/M11) | Q11: =IF(OR(A11="",O11=0),"",(O11-P11)/O11) | T11: =IF(OR(A11="",R11=0),"",(R11-S11)/R11) | AA11: =IF(A11="","",IF(OR(ABS(N11)>Lists!$K$6,ABS(Q11)>Lists!$K$3,ABS(T11)>Lists!$K$4,ABS(U11)>Lists!$K$5),"Failed","Passed"))
J12: =IF(OR(A12="",H12=0),"",I12*10000/H12) | L12: =IF(OR(A12="",H12=0),"",K12*10000/H12) | N12: =IF(OR(A12="",M12=0),"",(L12-M12)/M12) | Q12: =IF(OR(A12="",O12=0),"",(O12-P12)/O12) | T12: =IF(OR(A12="",R12=0),"",(R12-S12)/R12) | AA12: =IF(A12="","",IF(OR(ABS(N12)>Lists!$K$6,ABS(Q12)>Lists!$K$3,ABS(T12)>Lists!$K$4,ABS(U12)>Lists!$K$5),"Failed","Passed"))
J13: =IF(OR(A13="",H13=0),"",I13*10000/H13) | L13: =IF(OR(A13="",H13=0),"",K13*10000/H13) | N13: =IF(OR(A13="",M13=0),"",(L13-M13)/M13) | Q13: =IF(OR(A13="",O13=0),"",(O13-P13)/O13) | T13: =IF(OR(A13="",R13=0),"",(R13-S13)/R13) | AA13: =IF(A13="","",IF(OR(ABS(N13)>Lists!$K$6,ABS(Q13)>Lists!$K$3,ABS(T13)>Lists!$K$4,ABS(U13)>Lists!$K$5),"Failed","Passed"))
J14: =IF(OR(A14="",H14=0),"",I14*10000/H14) | L14: =IF(OR(A14="",H14=0),"",K14*10000/H14) | N14: =IF(OR(A14="",M14=0),"",(L14-M14)/M14) | Q14: =IF(OR(A14="",O14=0),"",(O14-P14)/O14) | T14: =IF(OR(A14="",R14=0),"",(R14-S14)/R14) | AA14: =IF(A14="","",IF(OR(ABS(N14)>Lists!$K$6,ABS(Q14)>Lists!$K$3,ABS(T14)>Lists!$K$4,ABS(U14)>Lists!$K$5),"Failed","Passed"))
J15: =IF(OR(A15="",H15=0),"",I15*10000/H15) | L15: =IF(OR(A15="",H15=0),"",K15*10000/H15) | N15: =IF(OR(A15="",M15=0),"",(L15-M15)/M15) | Q15: =IF(OR(A15="",O15=0),"",(O15-P15)/O15) | T15: =IF(OR(A15="",R15=0),"",(R15-S15)/R15) | AA15: =IF(A15="","",IF(OR(ABS(N15)>Lists!$K$6,ABS(Q15)>Lists!$K$3,ABS(T15)>Lists!$K$4,ABS(U15)>Lists!$K$5),"Failed","Passed"))
J16: =IF(OR(A16="",H16=0),"",I16*10000/H16) | L16: =IF(OR(A16="",H16=0),"",K16*10000/H16) | N16: =IF(OR(A16="",M16=0),"",(L16-M16)/M16) | Q16: =IF(OR(A16="",O16=0),"",(O16-P16)/O16) | T16: =IF(OR(A16="",R16=0),"",(R16-S16)/R16) | AA16: =IF(A16="","",IF(OR(ABS(N16)>Lists!$K$6,ABS(Q16)>Lists!$K$3,ABS(T16)>Lists!$K$4,ABS(U16)>Lists!$K$5),"Failed","Passed"))
... J304: =IF(OR(A304="",H304=0),"",I304*10000/H304) | L304: =IF(OR(A304="",H304=0),"",K304*10000/H304) | N304: =IF(OR(A304="",M304=0),"",(L304-M304)/M304) | Q304: =IF(OR(A304="",O304=0),"",(O304-P304)/O304) | T304: =IF(OR(A304="",R304=0),"",(R304-S304)/R304) | AA304: =IF(A304="","",IF(OR(ABS(N304)>Lists!$K$6,ABS(Q304)>Lists!$K$3,ABS(T304)>Lists!$K$4,ABS(U304)>Lists!$K$5),"Failed","Passed"))

Sheet Shade Match
A1: TEXNICA TPCS 1.0 — SHADE MATCH
A2: Yellow cells = input | Gray cells = automatic formulas | Use one official record per transaction
A4: Match ID | B4: Review Date | C4: FGPO | D4: Style | E4: Color | F4: Body Fabric Lot | G4: Rib Lot | H4: Shoulder Tape Lot | I4: Body Shade Group | J4: Rib Shade Group | K4: Tape Shade Group | L4: Body vs Rib | M4: Body vs Tape | N4: Light Source | O4: Before Wash Result | P4: After Wash Result | Q4: Overall Result | R4: Approved By | S4: Report Link | T4: Last Updated | U4: Comments
Q5: =IF(A5="","",IF(OR(L5="Failed",M5="Failed",O5="Failed",P5="Failed"),"Failed",IF(OR(L5="On Hold",M5="On Hold",O5="On Hold",P5="On Hold"),"On Hold","Approved")))
Q6: =IF(A6="","",IF(OR(L6="Failed",M6="Failed",O6="Failed",P6="Failed"),"Failed",IF(OR(L6="On Hold",M6="On Hold",O6="On Hold",P6="On Hold"),"On Hold","Approved")))
Q7: =IF(A7="","",IF(OR(L7="Failed",M7="Failed",O7="Failed",P7="Failed"),"Failed",IF(OR(L7="On Hold",M7="On Hold",O7="On Hold",P7="On Hold"),"On Hold","Approved")))
Q8: =IF(A8="","",IF(OR(L8="Failed",M8="Failed",O8="Failed",P8="Failed"),"Failed",IF(OR(L8="On Hold",M8="On Hold",O8="On Hold",P8="On Hold"),"On Hold","Approved")))
Q9: =IF(A9="","",IF(OR(L9="Failed",M9="Failed",O9="Failed",P9="Failed"),"Failed",IF(OR(L9="On Hold",M9="On Hold",O9="On Hold",P9="On Hold"),"On Hold","Approved")))
Q10: =IF(A10="","",IF(OR(L10="Failed",M10="Failed",O10="Failed",P10="Failed"),"Failed",IF(OR(L10="On Hold",M10="On Hold",O10="On Hold",P10="On Hold"),"On Hold","Approved")))
Q11: =IF(A11="","",IF(OR(L11="Failed",M11="Failed",O11="Failed",P11="Failed"),"Failed",IF(OR(L11="On Hold",M11="On Hold",O11="On Hold",P11="On Hold"),"On Hold","Approved")))
Q12: =IF(A12="","",IF(OR(L12="Failed",M12="Failed",O12="Failed",P12="Failed"),"Failed",IF(OR(L12="On Hold",M12="On Hold",O12="On Hold",P12="On Hold"),"On Hold","Approved")))
Q13: =IF(A13="","",IF(OR(L13="Failed",M13="Failed",O13="Failed",P13="Failed"),"Failed",IF(OR(L13="On Hold",M13="On Hold",O13="On Hold",P13="On Hold"),"On Hold","Approved")))
Q14: =IF(A14="","",IF(OR(L14="Failed",M14="Failed",O14="Failed",P14="Failed"),"Failed",IF(OR(L14="On Hold",M14="On Hold",O14="On Hold",P14="On Hold"),"On Hold","Approved")))
Q15: =IF(A15="","",IF(OR(L15="Failed",M15="Failed",O15="Failed",P15="Failed"),"Failed",IF(OR(L15="On Hold",M15="On Hold",O15="On Hold",P15="On Hold"),"On Hold","Approved")))
Q16: =IF(A16="","",IF(OR(L16="Failed",M16="Failed",O16="Failed",P16="Failed"),"Failed",IF(OR(L16="On Hold",M16="On Hold",O16="On Hold",P16="On Hold"),"On Hold","Approved")))
... Q304: =IF(A304="","",IF(OR(L304="Failed",M304="Failed",O304="Failed",P304="Failed"),"Failed",IF(OR(L304="On Hold",M304="On Hold",O304="On Hold",P304="On Hold"),"On Hold","Approved")))

Sheet Fabric Approval
A1: TEXNICA TPCS 1.0 — FABRIC APPROVAL
A2: Yellow cells = input | Gray cells = automatic formulas | Use one official record per transaction
A4: Approval ID | B4: Approval Date | C4: Fabric PO Number | D4: FGPO | E4: Lot Number | F4: Receiving Completed | G4: Four-Point Result | H4: Internal Test Result | I4: Shade Match Result | J4: Shrinkage Status | K4: Torque Status | L4: GSM Status | M4: Width Status | N4: Authorized Quantity | O4: Exception Reason | P4: Approved By | Q4: Final Status | R4: Released for Cutting Date | S4: Data Owner | T4: Last Updated | U4: Comments
Q5: =IF(A5="","",IF(COUNTIF(F5:M5,"Failed")>0,"Rejected",IF(COUNTIF(F5:M5,"On Hold")>0,"On Hold",IF(COUNTIF(F5:M5,"Pending")>0,"Pending",IF(O5<>"","Conditionally Approved","Released for Cutting")))))
Q6: =IF(A6="","",IF(COUNTIF(F6:M6,"Failed")>0,"Rejected",IF(COUNTIF(F6:M6,"On Hold")>0,"On Hold",IF(COUNTIF(F6:M6,"Pending")>0,"Pending",IF(O6<>"","Conditionally Approved","Released for Cutting")))))
Q7: =IF(A7="","",IF(COUNTIF(F7:M7,"Failed")>0,"Rejected",IF(COUNTIF(F7:M7,"On Hold")>0,"On Hold",IF(COUNTIF(F7:M7,"Pending")>0,"Pending",IF(O7<>"","Conditionally Approved","Released for Cutting")))))
Q8: =IF(A8="","",IF(COUNTIF(F8:M8,"Failed")>0,"Rejected",IF(COUNTIF(F8:M8,"On Hold")>0,"On Hold",IF(COUNTIF(F8:M8,"Pending")>0,"Pending",IF(O8<>"","Conditionally Approved","Released for Cutting")))))
Q9: =IF(A9="","",IF(COUNTIF(F9:M9,"Failed")>0,"Rejected",IF(COUNTIF(F9:M9,"On Hold")>0,"On Hold",IF(COUNTIF(F9:M9,"Pending")>0,"Pending",IF(O9<>"","Conditionally Approved","Released for Cutting")))))
Q10: =IF(A10="","",IF(COUNTIF(F10:M10,"Failed")>0,"Rejected",IF(COUNTIF(F10:M10,"On Hold")>0,"On Hold",IF(COUNTIF(F10:M10,"Pending")>0,"Pending",IF(O10<>"","Conditionally Approved","Released for Cutting")))))
Q11: =IF(A11="","",IF(COUNTIF(F11:M11,"Failed")>0,"Rejected",IF(COUNTIF(F11:M11,"On Hold")>0,"On Hold",IF(COUNTIF(F11:M11,"Pending")>0,"Pending",IF(O11<>"","Conditionally Approved","Released for Cutting")))))
Q12: =IF(A12="","",IF(COUNTIF(F12:M12,"Failed")>0,"Rejected",IF(COUNTIF(F12:M12,"On Hold")>0,"On Hold",IF(COUNTIF(F12:M12,"Pending")>0,"Pending",IF(O12<>"","Conditionally Approved","Released for Cutting")))))
Q13: =IF(A13="","",IF(COUNTIF(F13:M13,"Failed")>0,"Rejected",IF(COUNTIF(F13:M13,"On Hold")>0,"On Hold",IF(COUNTIF(F13:M13,"Pending")>0,"Pending",IF(O13<>"","Conditionally Approved","Released for Cutting")))))
Q14: =IF(A14="","",IF(COUNTIF(F14:M14,"Failed")>0,"Rejected",IF(COUNTIF(F14:M14,"On Hold")>0,"On Hold",IF(COUNTIF(F14:M14,"Pending")>0,"Pending",IF(O14<>"","Conditionally Approved","Released for Cutting")))))
Q15: =IF(A15="","",IF(COUNTIF(F15:M15,"Failed")>0,"Rejected",IF(COUNTIF(F15:M15,"On Hold")>0,"On Hold",IF(COUNTIF(F15:M15,"Pending")>0,"Pending",IF(O15<>"","Conditionally Approved","Released for Cutting")))))
Q16: =IF(A16="","",IF(COUNTIF(F16:M16,"Failed")>0,"Rejected",IF(COUNTIF(F16:M16,"On Hold")>0,"On Hold",IF(COUNTIF(F16:M16,"Pending")>0,"Pending",IF(O16<>"","Conditionally Approved","Released for Cutting")))))
... Q304: =IF(A304="","",IF(COUNTIF(F304:M304,"Failed")>0,"Rejected",IF(COUNTIF(F304:M304,"On Hold")>0,"On Hold",IF(COUNTIF(F304:M304,"Pending")>0,"Pending",IF(O304<>"","Conditionally Approved","Released for Cutting")))))

Sheet Fabric Inventory
A1: TEXNICA TPCS 1.0 — FABRIC INVENTORY
A2: Yellow cells = input | Gray cells = automatic formulas | Use one official record per transaction
A4: Inventory ID | B4: Fabric PO Number | C4: FGPO | D4: Fabric Component | E4: Lot Number | F4: UOM | G4: Received Quantity | H4: Approved Quantity | I4: Rejected Quantity | J4: Hold Quantity | K4: Reserved Quantity | L4: Issued Quantity | M4: Returned Quantity | N4: Available Quantity | O4: Shortage Quantity | P4: Warehouse Location | Q4: Inventory Status | R4: Data Owner | S4: Last Updated | T4: Remarks
N5: =IF(A5="","",MAX(0,H5-K5-L5+M5))
N6: =IF(A6="","",MAX(0,H6-K6-L6+M6))
N7: =IF(A7="","",MAX(0,H7-K7-L7+M7))
N8: =IF(A8="","",MAX(0,H8-K8-L8+M8))
N9: =IF(A9="","",MAX(0,H9-K9-L9+M9))
N10: =IF(A10="","",MAX(0,H10-K10-L10+M10))
N11: =IF(A11="","",MAX(0,H11-K11-L11+M11))
N12: =IF(A12="","",MAX(0,H12-K12-L12+M12))
N13: =IF(A13="","",MAX(0,H13-K13-L13+M13))
N14: =IF(A14="","",MAX(0,H14-K14-L14+M14))
N15: =IF(A15="","",MAX(0,H15-K15-L15+M15))
N16: =IF(A16="","",MAX(0,H16-K16-L16+M16))
... N304: =IF(A304="","",MAX(0,H304-K304-L304+M304))

Sheet Fabric Reservation
A1: TEXNICA TPCS 1.0 — FABRIC RESERVATION
A2: Yellow cells = input | Gray cells = automatic formulas | Use one official record per transaction
A4: Reservation ID | B4: Reservation Date | C4: Fabric PO Number | D4: FGPO | E4: Fabric Component | F4: Lot Number | G4: Reserved Quantity | H4: UOM | I4: Released Quantity | J4: Remaining Reservation | K4: Status | L4: Reserved By | M4: Approved By | N4: Last Updated | O4: Comments
J5: =IF(A5="","",MAX(0,G5-I5))
J6: =IF(A6="","",MAX(0,G6-I6))
J7: =IF(A7="","",MAX(0,G7-I7))
J8: =IF(A8="","",MAX(0,G8-I8))
J9: =IF(A9="","",MAX(0,G9-I9))
J10: =IF(A10="","",MAX(0,G10-I10))
J11: =IF(A11="","",MAX(0,G11-I11))
J12: =IF(A12="","",MAX(0,G12-I12))
J13: =IF(A13="","",MAX(0,G13-I13))
J14: =IF(A14="","",MAX(0,G14-I14))
J15: =IF(A15="","",MAX(0,G15-I15))
J16: =IF(A16="","",MAX(0,G16-I16))
... J304: =IF(A304="","",MAX(0,G304-I304))

Sheet Issue to Cutting
A1: TEXNICA TPCS 1.0 — ISSUE TO CUTTING
A2: Yellow cells = input | Gray cells = automatic formulas | Use one official record per transaction
A4: Issue Number | B4: Issue Date | C4: FGPO | D4: Fabric PO Number | E4: Style | F4: Color | G4: Fabric Component | H4: Lot Number | I4: Roll Number | J4: Issued Quantity | K4: UOM | L4: Issued Weight | M4: Marker Number | N4: Cutting Table | O4: Issued By | P4: Received By Cutting | Q4: Returned Quantity | R4: End Bits / Waste | S4: Net Consumption | T4: Approval Status | U4: Data Owner | V4: Last Updated | W4: Remarks
S5: =IF(A5="","",MAX(0,J5-Q5))
S6: =IF(A6="","",MAX(0,J6-Q6))
S7: =IF(A7="","",MAX(0,J7-Q7))
S8: =IF(A8="","",MAX(0,J8-Q8))
S9: =IF(A9="","",MAX(0,J9-Q9))
S10: =IF(A10="","",MAX(0,J10-Q10))
S11: =IF(A11="","",MAX(0,J11-Q11))
S12: =IF(A12="","",MAX(0,J12-Q12))
S13: =IF(A13="","",MAX(0,J13-Q13))
S14: =IF(A14="","",MAX(0,J14-Q14))
S15: =IF(A15="","",MAX(0,J15-Q15))
S16: =IF(A16="","",MAX(0,J16-Q16))
... S304: =IF(A304="","",MAX(0,J304-Q304))

Sheet Trims Control
A1: TEXNICA TPCS 1.0 — TRIMS CONTROL
A2: Yellow cells = input | Gray cells = automatic formulas | Use one official record per transaction
A4: Trim Record ID | B4: FGPO | C4: Style | D4: Color | E4: Trim Type | F4: Description | G4: Supplier | H4: UOM | I4: Consumption / Garment | J4: Required Qty | K4: Ordered Qty | L4: Received Qty | M4: Approved Qty | N4: Rejected Qty | O4: Reserved Qty | P4: Issued Qty | Q4: Available Qty | R4: Shortage Qty | S4: ETA | T4: Development Status | U4: Approval Status | V4: Availability Status | W4: Data Owner | X4: Last Updated | Y4: Comments
Q5: =IF(A5="","",MAX(0,M5-O5-P5)) | R5: =IF(A5="","",MAX(0,J5-M5)) | V5: =IF(A5="","",IF(R5>0,"Shortage",IF(Q5>=J5,"Ready",IF(Q5>0,"Partially Ready","Pending"))))
Q6: =IF(A6="","",MAX(0,M6-O6-P6)) | R6: =IF(A6="","",MAX(0,J6-M6)) | V6: =IF(A6="","",IF(R6>0,"Shortage",IF(Q6>=J6,"Ready",IF(Q6>0,"Partially Ready","Pending"))))
Q7: =IF(A7="","",MAX(0,M7-O7-P7)) | R7: =IF(A7="","",MAX(0,J7-M7)) | V7: =IF(A7="","",IF(R7>0,"Shortage",IF(Q7>=J7,"Ready",IF(Q7>0,"Partially Ready","Pending"))))
Q8: =IF(A8="","",MAX(0,M8-O8-P8)) | R8: =IF(A8="","",MAX(0,J8-M8)) | V8: =IF(A8="","",IF(R8>0,"Shortage",IF(Q8>=J8,"Ready",IF(Q8>0,"Partially Ready","Pending"))))
Q9: =IF(A9="","",MAX(0,M9-O9-P9)) | R9: =IF(A9="","",MAX(0,J9-M9)) | V9: =IF(A9="","",IF(R9>0,"Shortage",IF(Q9>=J9,"Ready",IF(Q9>0,"Partially Ready","Pending"))))
Q10: =IF(A10="","",MAX(0,M10-O10-P10)) | R10: =IF(A10="","",MAX(0,J10-M10)) | V10: =IF(A10="","",IF(R10>0,"Shortage",IF(Q10>=J10,"Ready",IF(Q10>0,"Partially Ready","Pending"))))
Q11: =IF(A11="","",MAX(0,M11-O11-P11)) | R11: =IF(A11="","",MAX(0,J11-M11)) | V11: =IF(A11="","",IF(R11>0,"Shortage",IF(Q11>=J11,"Ready",IF(Q11>0,"Partially Ready","Pending"))))
Q12: =IF(A12="","",MAX(0,M12-O12-P12)) | R12: =IF(A12="","",MAX(0,J12-M12)) | V12: =IF(A12="","",IF(R12>0,"Shortage",IF(Q12>=J12,"Ready",IF(Q12>0,"Partially Ready","Pending"))))
Q13: =IF(A13="","",MAX(0,M13-O13-P13)) | R13: =IF(A13="","",MAX(0,J13-M13)) | V13: =IF(A13="","",IF(R13>0,"Shortage",IF(Q13>=J13,"Ready",IF(Q13>0,"Partially Ready","Pending"))))
Q14: =IF(A14="","",MAX(0,M14-O14-P14)) | R14: =IF(A14="","",MAX(0,J14-M14)) | V14: =IF(A14="","",IF(R14>0,"Shortage",IF(Q14>=J14,"Ready",IF(Q14>0,"Partially Ready","Pending"))))
Q15: =IF(A15="","",MAX(0,M15-O15-P15)) | R15: =IF(A15="","",MAX(0,J15-M15)) | V15: =IF(A15="","",IF(R15>0,"Shortage",IF(Q15>=J15,"Ready",IF(Q15>0,"Partially Ready","Pending"))))
Q16: =IF(A16="","",MAX(0,M16-O16-P16)) | R16: =IF(A16="","",MAX(0,J16-M16)) | V16: =IF(A16="","",IF(R16>0,"Shortage",IF(Q16>=J16,"Ready",IF(Q16>0,"Partially Ready","Pending"))))
... Q304: =IF(A304="","",MAX(0,M304-O304-P304)) | R304: =IF(A304="","",MAX(0,J304-M304)) | V304: =IF(A304="","",IF(R304>0,"Shortage",IF(Q304>=J304,"Ready",IF(Q304>0,"Partially Ready","Pending"))))

Sheet PP Sample
A1: TEXNICA TPCS 1.0 — PP SAMPLE
A2: Yellow cells = input | Gray cells = automatic formulas | Use one official record per transaction
A4: Sample ID | B4: FGPO | C4: Style | D4: Color | E4: Size | F4: Sample Version | G4: Fabric Lot | H4: Trim Version | I4: Preparation Date | J4: Submission Date | K4: Measurement Result | L4: Construction Result | M4: Fit Result | N4: Fabric Result | O4: Trim Result | P4: Label Result | Q4: Internal Review | R4: Customer Review | S4: Customer Comments | T4: Approval Date | U4: Approved By | V4: Status | W4: Document Link | X4: Photo Link | Y4: Last Updated

Sheet Production Readiness
A1: TEXNICA TPCS 1.0 — PRODUCTION READINESS
A2: Yellow cells = input | Gray cells = automatic formulas | Use one official record per transaction
A4: PRR ID | B4: Review Date | C4: FGPO | D4: Style | E4: Color | F4: PO Confirmed | G4: Tech Pack Current | H4: Fabric Approved | I4: Trims Approved | J4: Trims Available | K4: PP Sample Approved | L4: Pattern Approved | M4: Marker Approved | N4: Fabric Width Confirmed | O4: Shrinkage Approved | P4: Torque Approved | Q4: Quality Standard Ready | R4: Line Planned | S4: Overall Result | T4: Open Conditions | U4: Responsible Owner | V4: Due Date | W4: Approved By | X4: Last Updated
S5: =IF(A5="","",IF(COUNTIF(F5:R5,"Not Ready")>0,"Blocked",IF(COUNTIF(F5:R5,"Pending")>0,"Not Ready",IF(COUNTIF(F5:R5,"Exception Approved")>0,"Ready with Conditions","Ready"))))
S6: =IF(A6="","",IF(COUNTIF(F6:R6,"Not Ready")>0,"Blocked",IF(COUNTIF(F6:R6,"Pending")>0,"Not Ready",IF(COUNTIF(F6:R6,"Exception Approved")>0,"Ready with Conditions","Ready"))))
S7: =IF(A7="","",IF(COUNTIF(F7:R7,"Not Ready")>0,"Blocked",IF(COUNTIF(F7:R7,"Pending")>0,"Not Ready",IF(COUNTIF(F7:R7,"Exception Approved")>0,"Ready with Conditions","Ready"))))
S8: =IF(A8="","",IF(COUNTIF(F8:R8,"Not Ready")>0,"Blocked",IF(COUNTIF(F8:R8,"Pending")>0,"Not Ready",IF(COUNTIF(F8:R8,"Exception Approved")>0,"Ready with Conditions","Ready"))))
S9: =IF(A9="","",IF(COUNTIF(F9:R9,"Not Ready")>0,"Blocked",IF(COUNTIF(F9:R9,"Pending")>0,"Not Ready",IF(COUNTIF(F9:R9,"Exception Approved")>0,"Ready with Conditions","Ready"))))
S10: =IF(A10="","",IF(COUNTIF(F10:R10,"Not Ready")>0,"Blocked",IF(COUNTIF(F10:R10,"Pending")>0,"Not Ready",IF(COUNTIF(F10:R10,"Exception Approved")>0,"Ready with Conditions","Ready"))))
S11: =IF(A11="","",IF(COUNTIF(F11:R11,"Not Ready")>0,"Blocked",IF(COUNTIF(F11:R11,"Pending")>0,"Not Ready",IF(COUNTIF(F11:R11,"Exception Approved")>0,"Ready with Conditions","Ready"))))
S12: =IF(A12="","",IF(COUNTIF(F12:R12,"Not Ready")>0,"Blocked",IF(COUNTIF(F12:R12,"Pending")>0,"Not Ready",IF(COUNTIF(F12:R12,"Exception Approved")>0,"Ready with Conditions","Ready"))))
S13: =IF(A13="","",IF(COUNTIF(F13:R13,"Not Ready")>0,"Blocked",IF(COUNTIF(F13:R13,"Pending")>0,"Not Ready",IF(COUNTIF(F13:R13,"Exception Approved")>0,"Ready with Conditions","Ready"))))
S14: =IF(A14="","",IF(COUNTIF(F14:R14,"Not Ready")>0,"Blocked",IF(COUNTIF(F14:R14,"Pending")>0,"Not Ready",IF(COUNTIF(F14:R14,"Exception Approved")>0,"Ready with Conditions","Ready"))))
S15: =IF(A15="","",IF(COUNTIF(F15:R15,"Not Ready")>0,"Blocked",IF(COUNTIF(F15:R15,"Pending")>0,"Not Ready",IF(COUNTIF(F15:R15,"Exception Approved")>0,"Ready with Conditions","Ready"))))
S16: =IF(A16="","",IF(COUNTIF(F16:R16,"Not Ready")>0,"Blocked",IF(COUNTIF(F16:R16,"Pending")>0,"Not Ready",IF(COUNTIF(F16:R16,"Exception Approved")>0,"Ready with Conditions","Ready"))))
... S304: =IF(A304="","",IF(COUNTIF(F304:R304,"Not Ready")>0,"Blocked",IF(COUNTIF(F304:R304,"Pending")>0,"Not Ready",IF(COUNTIF(F304:R304,"Exception Approved")>0,"Ready with Conditions","Ready"))))

Sheet Cutting Release
A1: TEXNICA TPCS 1.0 — CUTTING RELEASE
A2: Yellow cells = input | Gray cells = automatic formulas | Use one official record per transaction
A4: Release Number | B4: Release Date | C4: FGPO | D4: Style | E4: Color | F4: Fabric Lot | G4: Approved Cut Qty | H4: Approved Width | I4: Marker Number | J4: Approved Yield | K4: PRR Result | L4: Released By | M4: Reviewed By | N4: Exception | O4: Conditions | P4: Release Status | Q4: Last Updated | R4: Comments

Sheet Cutting Control
A1: TEXNICA TPCS 1.0 — CUTTING CONTROL
A2: Yellow cells = input | Gray cells = automatic formulas | Use one official record per transaction
A4: Cut Record ID | B4: Date | C4: FGPO | D4: Style | E4: Color | F4: Size | G4: Fabric Lot | H4: Marker Number | I4: Planned Cut | J4: Actual Cut | K4: Good Cut | L4: Damaged Qty | M4: Replacement Cut | N4: Sent to Sewing | O4: Cutting Variance | P4: Pending Cut | Q4: Overcut Qty | R4: Cut-to-Sew Difference | S4: Release Status | T4: Responsible Person | U4: Last Updated | V4: Comments
O5: =IF(A5="","",K5-I5) | P5: =IF(A5="","",MAX(0,I5-K5)) | Q5: =IF(A5="","",MAX(0,K5-I5)) | R5: =IF(A5="","",K5-N5)
O6: =IF(A6="","",K6-I6) | P6: =IF(A6="","",MAX(0,I6-K6)) | Q6: =IF(A6="","",MAX(0,K6-I6)) | R6: =IF(A6="","",K6-N6)
O7: =IF(A7="","",K7-I7) | P7: =IF(A7="","",MAX(0,I7-K7)) | Q7: =IF(A7="","",MAX(0,K7-I7)) | R7: =IF(A7="","",K7-N7)
O8: =IF(A8="","",K8-I8) | P8: =IF(A8="","",MAX(0,I8-K8)) | Q8: =IF(A8="","",MAX(0,K8-I8)) | R8: =IF(A8="","",K8-N8)
O9: =IF(A9="","",K9-I9) | P9: =IF(A9="","",MAX(0,I9-K9)) | Q9: =IF(A9="","",MAX(0,K9-I9)) | R9: =IF(A9="","",K9-N9)
O10: =IF(A10="","",K10-I10) | P10: =IF(A10="","",MAX(0,I10-K10)) | Q10: =IF(A10="","",MAX(0,K10-I10)) | R10: =IF(A10="","",K10-N10)
O11: =IF(A11="","",K11-I11) | P11: =IF(A11="","",MAX(0,I11-K11)) | Q11: =IF(A11="","",MAX(0,K11-I11)) | R11: =IF(A11="","",K11-N11)
O12: =IF(A12="","",K12-I12) | P12: =IF(A12="","",MAX(0,I12-K12)) | Q12: =IF(A12="","",MAX(0,K12-I12)) | R12: =IF(A12="","",K12-N12)
O13: =IF(A13="","",K13-I13) | P13: =IF(A13="","",MAX(0,I13-K13)) | Q13: =IF(A13="","",MAX(0,K13-I13)) | R13: =IF(A13="","",K13-N13)
O14: =IF(A14="","",K14-I14) | P14: =IF(A14="","",MAX(0,I14-K14)) | Q14: =IF(A14="","",MAX(0,K14-I14)) | R14: =IF(A14="","",K14-N14)
O15: =IF(A15="","",K15-I15) | P15: =IF(A15="","",MAX(0,I15-K15)) | Q15: =IF(A15="","",MAX(0,K15-I15)) | R15: =IF(A15="","",K15-N15)
O16: =IF(A16="","",K16-I16) | P16: =IF(A16="","",MAX(0,I16-K16)) | Q16: =IF(A16="","",MAX(0,K16-I16)) | R16: =IF(A16="","",K16-N16)
... O304: =IF(A304="","",K304-I304) | P304: =IF(A304="","",MAX(0,I304-K304)) | Q304: =IF(A304="","",MAX(0,K304-I304)) | R304: =IF(A304="","",K304-N304)

Sheet Cutting Panel QC
A1: TEXNICA TPCS 1.0 — CUTTING PANEL QC
A2: Yellow cells = input | Gray cells = automatic formulas | Use one official record per transaction
A4: Inspection ID | B4: Date | C4: FGPO | D4: Style | E4: Color | F4: Size | G4: Fabric Lot | H4: Cut Lot / Lay | I4: Bundle No. | J4: Sample Qty | K4: Panel Defects | L4: Notches Defects | M4: Drill Mark Defects | N4: Shade Defects | O4: Measurement Defects | P4: Total Defects | Q4: Defect Rate % | R4: Max Allowed | S4: Result | T4: Inspector | U4: Corrective Action | V4: Last Updated | W4: Comments
P5: =IF(A5="","",SUM(K5:O5)) | Q5: =IF(OR(A5="",J5=0),"",P5/J5) | R5: =IF(A5="","",0.02) | S5: =IF(A5="","",IF(Q5<=R5,"Passed","Failed"))
P6: =IF(A6="","",SUM(K6:O6)) | Q6: =IF(OR(A6="",J6=0),"",P6/J6) | R6: =IF(A6="","",0.02) | S6: =IF(A6="","",IF(Q6<=R6,"Passed","Failed"))
P7: =IF(A7="","",SUM(K7:O7)) | Q7: =IF(OR(A7="",J7=0),"",P7/J7) | R7: =IF(A7="","",0.02) | S7: =IF(A7="","",IF(Q7<=R7,"Passed","Failed"))
P8: =IF(A8="","",SUM(K8:O8)) | Q8: =IF(OR(A8="",J8=0),"",P8/J8) | R8: =IF(A8="","",0.02) | S8: =IF(A8="","",IF(Q8<=R8,"Passed","Failed"))
P9: =IF(A9="","",SUM(K9:O9)) | Q9: =IF(OR(A9="",J9=0),"",P9/J9) | R9: =IF(A9="","",0.02) | S9: =IF(A9="","",IF(Q9<=R9,"Passed","Failed"))
P10: =IF(A10="","",SUM(K10:O10)) | Q10: =IF(OR(A10="",J10=0),"",P10/J10) | R10: =IF(A10="","",0.02) | S10: =IF(A10="","",IF(Q10<=R10,"Passed","Failed"))
P11: =IF(A11="","",SUM(K11:O11)) | Q11: =IF(OR(A11="",J11=0),"",P11/J11) | R11: =IF(A11="","",0.02) | S11: =IF(A11="","",IF(Q11<=R11,"Passed","Failed"))
P12: =IF(A12="","",SUM(K12:O12)) | Q12: =IF(OR(A12="",J12=0),"",P12/J12) | R12: =IF(A12="","",0.02) | S12: =IF(A12="","",IF(Q12<=R12,"Passed","Failed"))
P13: =IF(A13="","",SUM(K13:O13)) | Q13: =IF(OR(A13="",J13=0),"",P13/J13) | R13: =IF(A13="","",0.02) | S13: =IF(A13="","",IF(Q13<=R13,"Passed","Failed"))
P14: =IF(A14="","",SUM(K14:O14)) | Q14: =IF(OR(A14="",J14=0),"",P14/J14) | R14: =IF(A14="","",0.02) | S14: =IF(A14="","",IF(Q14<=R14,"Passed","Failed"))
P15: =IF(A15="","",SUM(K15:O15)) | Q15: =IF(OR(A15="",J15=0),"",P15/J15) | R15: =IF(A15="","",0.02) | S15: =IF(A15="","",IF(Q15<=R15,"Passed","Failed"))
P16: =IF(A16="","",SUM(K16:O16)) | Q16: =IF(OR(A16="",J16=0),"",P16/J16) | R16: =IF(A16="","",0.02) | S16: =IF(A16="","",IF(Q16<=R16,"Passed","Failed"))
... P304: =IF(A304="","",SUM(K304:O304)) | Q304: =IF(OR(A304="",J304=0),"",P304/J304) | R304: =IF(A304="","",0.02) | S304: =IF(A304="","",IF(Q304<=R304,"Passed","Failed"))

Sheet TOP Sample
A1: TEXNICA TPCS 1.0 — TOP SAMPLE
A2: Yellow cells = input | Gray cells = automatic formulas | Use one official record per transaction
A4: TOP ID | B4: FGPO | C4: Style | D4: Color | E4: Size | F4: Production Line | G4: Fabric Lot | H4: Cut Lot / Bundle | I4: Trim Version | J4: Thread Lot | K4: TOP Qty | L4: Production Date | M4: Measurement Result | N4: Construction Result | O4: Workmanship Result | P4: Label Result | Q4: Packing Result | R4: Internal Review | S4: Customer Review | T4: Corrective Action | U4: Approval Date | V4: Approved By | W4: Status | X4: Document Link | Y4: Photo Link | Z4: Last Updated

Sheet Sewing Production
A1: TEXNICA TPCS 1.0 — SEWING PRODUCTION
A2: Yellow cells = input | Gray cells = automatic formulas | Use one official record per transaction
A4: Record ID | B4: Date | C4: Shift | D4: Line | E4: FGPO | F4: Style | G4: Color | H4: Size | I4: Sewing Input | J4: Daily Target | K4: Daily Output | L4: Cumulative Output | M4: WIP | N4: Rework | O4: Reject | P4: Downtime Minutes | Q4: Target Achievement % | R4: Sewing Variance | S4: Pending Sewing | T4: Overproduction | U4: TOP Status | V4: Supervisor | W4: Last Updated | X4: Problems / Remarks
Q5: =IF(OR(A5="",J5=0),"",K5/J5) | R5: =IF(A5="","",L5-I5) | S5: =IF(A5="","",MAX(0,I5-L5)) | T5: =IF(A5="","",MAX(0,L5-I5))
Q6: =IF(OR(A6="",J6=0),"",K6/J6) | R6: =IF(A6="","",L6-I6) | S6: =IF(A6="","",MAX(0,I6-L6)) | T6: =IF(A6="","",MAX(0,L6-I6))
Q7: =IF(OR(A7="",J7=0),"",K7/J7) | R7: =IF(A7="","",L7-I7) | S7: =IF(A7="","",MAX(0,I7-L7)) | T7: =IF(A7="","",MAX(0,L7-I7))
Q8: =IF(OR(A8="",J8=0),"",K8/J8) | R8: =IF(A8="","",L8-I8) | S8: =IF(A8="","",MAX(0,I8-L8)) | T8: =IF(A8="","",MAX(0,L8-I8))
Q9: =IF(OR(A9="",J9=0),"",K9/J9) | R9: =IF(A9="","",L9-I9) | S9: =IF(A9="","",MAX(0,I9-L9)) | T9: =IF(A9="","",MAX(0,L9-I9))
Q10: =IF(OR(A10="",J10=0),"",K10/J10) | R10: =IF(A10="","",L10-I10) | S10: =IF(A10="","",MAX(0,I10-L10)) | T10: =IF(A10="","",MAX(0,L10-I10))
Q11: =IF(OR(A11="",J11=0),"",K11/J11) | R11: =IF(A11="","",L11-I11) | S11: =IF(A11="","",MAX(0,I11-L11)) | T11: =IF(A11="","",MAX(0,L11-I11))
Q12: =IF(OR(A12="",J12=0),"",K12/J12) | R12: =IF(A12="","",L12-I12) | S12: =IF(A12="","",MAX(0,I12-L12)) | T12: =IF(A12="","",MAX(0,L12-I12))
Q13: =IF(OR(A13="",J13=0),"",K13/J13) | R13: =IF(A13="","",L13-I13) | S13: =IF(A13="","",MAX(0,I13-L13)) | T13: =IF(A13="","",MAX(0,L13-I13))
Q14: =IF(OR(A14="",J14=0),"",K14/J14) | R14: =IF(A14="","",L14-I14) | S14: =IF(A14="","",MAX(0,I14-L14)) | T14: =IF(A14="","",MAX(0,L14-I14))
Q15: =IF(OR(A15="",J15=0),"",K15/J15) | R15: =IF(A15="","",L15-I15) | S15: =IF(A15="","",MAX(0,I15-L15)) | T15: =IF(A15="","",MAX(0,L15-I15))
Q16: =IF(OR(A16="",J16=0),"",K16/J16) | R16: =IF(A16="","",L16-I16) | S16: =IF(A16="","",MAX(0,I16-L16)) | T16: =IF(A16="","",MAX(0,L16-I16))
... Q304: =IF(OR(A304="",J304=0),"",K304/J304) | R304: =IF(A304="","",L304-I304) | S304: =IF(A304="","",MAX(0,I304-L304)) | T304: =IF(A304="","",MAX(0,L304-I304))

Sheet Inline Quality
A1: TEXNICA TPCS 1.0 — INLINE QUALITY
A2: Yellow cells = input | Gray cells = automatic formulas | Use one official record per transaction
A4: Inspection ID | B4: Date | C4: Time | D4: Line | E4: FGPO | F4: Style | G4: Color | H4: Operation | I4: Operator | J4: Checked Qty | K4: Critical Defects | L4: Major Defects | M4: Minor Defects | N4: Total Defects | O4: DHU % | P4: Defective Pieces | Q4: Defective Rate % | R4: Max Allowed | S4: Result | T4: Inspector | U4: Immediate Correction | V4: Root Cause / Follow-up | W4: Last Updated
N5: =IF(A5="","",SUM(K5:M5)) | O5: =IF(OR(A5="",J5=0),"",N5/J5) | Q5: =IF(OR(A5="",J5=0),"",P5/J5) | R5: =IF(A5="","",0.05) | S5: =IF(A5="","",IF(OR(K5>0,Q5>R5),"Failed","Passed"))
N6: =IF(A6="","",SUM(K6:M6)) | O6: =IF(OR(A6="",J6=0),"",N6/J6) | Q6: =IF(OR(A6="",J6=0),"",P6/J6) | R6: =IF(A6="","",0.05) | S6: =IF(A6="","",IF(OR(K6>0,Q6>R6),"Failed","Passed"))
N7: =IF(A7="","",SUM(K7:M7)) | O7: =IF(OR(A7="",J7=0),"",N7/J7) | Q7: =IF(OR(A7="",J7=0),"",P7/J7) | R7: =IF(A7="","",0.05) | S7: =IF(A7="","",IF(OR(K7>0,Q7>R7),"Failed","Passed"))
N8: =IF(A8="","",SUM(K8:M8)) | O8: =IF(OR(A8="",J8=0),"",N8/J8) | Q8: =IF(OR(A8="",J8=0),"",P8/J8) | R8: =IF(A8="","",0.05) | S8: =IF(A8="","",IF(OR(K8>0,Q8>R8),"Failed","Passed"))
N9: =IF(A9="","",SUM(K9:M9)) | O9: =IF(OR(A9="",J9=0),"",N9/J9) | Q9: =IF(OR(A9="",J9=0),"",P9/J9) | R9: =IF(A9="","",0.05) | S9: =IF(A9="","",IF(OR(K9>0,Q9>R9),"Failed","Passed"))
N10: =IF(A10="","",SUM(K10:M10)) | O10: =IF(OR(A10="",J10=0),"",N10/J10) | Q10: =IF(OR(A10="",J10=0),"",P10/J10) | R10: =IF(A10="","",0.05) | S10: =IF(A10="","",IF(OR(K10>0,Q10>R10),"Failed","Passed"))
N11: =IF(A11="","",SUM(K11:M11)) | O11: =IF(OR(A11="",J11=0),"",N11/J11) | Q11: =IF(OR(A11="",J11=0),"",P11/J11) | R11: =IF(A11="","",0.05) | S11: =IF(A11="","",IF(OR(K11>0,Q11>R11),"Failed","Passed"))
N12: =IF(A12="","",SUM(K12:M12)) | O12: =IF(OR(A12="",J12=0),"",N12/J12) | Q12: =IF(OR(A12="",J12=0),"",P12/J12) | R12: =IF(A12="","",0.05) | S12: =IF(A12="","",IF(OR(K12>0,Q12>R12),"Failed","Passed"))
N13: =IF(A13="","",SUM(K13:M13)) | O13: =IF(OR(A13="",J13=0),"",N13/J13) | Q13: =IF(OR(A13="",J13=0),"",P13/J13) | R13: =IF(A13="","",0.05) | S13: =IF(A13="","",IF(OR(K13>0,Q13>R13),"Failed","Passed"))
N14: =IF(A14="","",SUM(K14:M14)) | O14: =IF(OR(A14="",J14=0),"",N14/J14) | Q14: =IF(OR(A14="",J14=0),"",P14/J14) | R14: =IF(A14="","",0.05) | S14: =IF(A14="","",IF(OR(K14>0,Q14>R14),"Failed","Passed"))
N15: =IF(A15="","",SUM(K15:M15)) | O15: =IF(OR(A15="",J15=0),"",N15/J15) | Q15: =IF(OR(A15="",J15=0),"",P15/J15) | R15: =IF(A15="","",0.05) | S15: =IF(A15="","",IF(OR(K15>0,Q15>R15),"Failed","Passed"))
N16: =IF(A16="","",SUM(K16:M16)) | O16: =IF(OR(A16="",J16=0),"",N16/J16) | Q16: =IF(OR(A16="",J16=0),"",P16/J16) | R16: =IF(A16="","",0.05) | S16: =IF(A16="","",IF(OR(K16>0,Q16>R16),"Failed","Passed"))
... N304: =IF(A304="","",SUM(K304:M304)) | O304: =IF(OR(A304="",J304=0),"",N304/J304) | Q304: =IF(OR(A304="",J304=0),"",P304/J304) | R304: =IF(A304="","",0.05) | S304: =IF(A304="","",IF(OR(K304>0,Q304>R304),"Failed","Passed"))

Sheet Endline Inspection
A1: TEXNICA TPCS 1.0 — ENDLINE INSPECTION
A2: Yellow cells = input | Gray cells = automatic formulas | Use one official record per transaction
A4: Inspection ID | B4: Inspection Date | C4: FGPO | D4: Style | E4: Color | F4: Lot / Shipment | G4: Lot Size | H4: Inspection Level | I4: AQL Major | J4: AQL Minor | K4: Sample Size | L4: Critical Defects | M4: Major Defects | N4: Minor Defects | O4: Critical Ac | P4: Major Ac | Q4: Minor Ac | R4: Critical Re | S4: Major Re | T4: Minor Re | U4: Result | V4: Inspector | W4: Disposition | X4: Report Link | Y4: Last Updated | Z4: Comments
U5: =IF(A5="","",IF(OR(L5>=R5,M5>=S5,N5>=T5),"Failed","Passed"))
U6: =IF(A6="","",IF(OR(L6>=R6,M6>=S6,N6>=T6),"Failed","Passed"))
U7: =IF(A7="","",IF(OR(L7>=R7,M7>=S7,N7>=T7),"Failed","Passed"))
U8: =IF(A8="","",IF(OR(L8>=R8,M8>=S8,N8>=T8),"Failed","Passed"))
U9: =IF(A9="","",IF(OR(L9>=R9,M9>=S9,N9>=T9),"Failed","Passed"))
U10: =IF(A10="","",IF(OR(L10>=R10,M10>=S10,N10>=T10),"Failed","Passed"))
U11: =IF(A11="","",IF(OR(L11>=R11,M11>=S11,N11>=T11),"Failed","Passed"))
U12: =IF(A12="","",IF(OR(L12>=R12,M12>=S12,N12>=T12),"Failed","Passed"))
U13: =IF(A13="","",IF(OR(L13>=R13,M13>=S13,N13>=T13),"Failed","Passed"))
U14: =IF(A14="","",IF(OR(L14>=R14,M14>=S14,N14>=T14),"Failed","Passed"))
U15: =IF(A15="","",IF(OR(L15>=R15,M15>=S15,N15>=T15),"Failed","Passed"))
U16: =IF(A16="","",IF(OR(L16>=R16,M16>=S16,N16>=T16),"Failed","Passed"))
... U304: =IF(A304="","",IF(OR(L304>=R304,M304>=S304,N304>=T304),"Failed","Passed"))

Sheet Pre-Final Inspection
A1: TEXNICA TPCS 1.0 — PRE-FINAL INSPECTION
A2: Yellow cells = input | Gray cells = automatic formulas | Use one official record per transaction
A4: Inspection ID | B4: Inspection Date | C4: FGPO | D4: Style | E4: Color | F4: Lot / Shipment | G4: Lot Size | H4: Inspection Level | I4: AQL Major | J4: AQL Minor | K4: Sample Size | L4: Critical Defects | M4: Major Defects | N4: Minor Defects | O4: Critical Ac | P4: Major Ac | Q4: Minor Ac | R4: Critical Re | S4: Major Re | T4: Minor Re | U4: Result | V4: Inspector | W4: Disposition | X4: Report Link | Y4: Last Updated | Z4: Comments
U5: =IF(A5="","",IF(OR(L5>=R5,M5>=S5,N5>=T5),"Failed","Passed"))
U6: =IF(A6="","",IF(OR(L6>=R6,M6>=S6,N6>=T6),"Failed","Passed"))
U7: =IF(A7="","",IF(OR(L7>=R7,M7>=S7,N7>=T7),"Failed","Passed"))
U8: =IF(A8="","",IF(OR(L8>=R8,M8>=S8,N8>=T8),"Failed","Passed"))
U9: =IF(A9="","",IF(OR(L9>=R9,M9>=S9,N9>=T9),"Failed","Passed"))
U10: =IF(A10="","",IF(OR(L10>=R10,M10>=S10,N10>=T10),"Failed","Passed"))
U11: =IF(A11="","",IF(OR(L11>=R11,M11>=S11,N11>=T11),"Failed","Passed"))
U12: =IF(A12="","",IF(OR(L12>=R12,M12>=S12,N12>=T12),"Failed","Passed"))
U13: =IF(A13="","",IF(OR(L13>=R13,M13>=S13,N13>=T13),"Failed","Passed"))
U14: =IF(A14="","",IF(OR(L14>=R14,M14>=S14,N14>=T14),"Failed","Passed"))
U15: =IF(A15="","",IF(OR(L15>=R15,M15>=S15,N15>=T15),"Failed","Passed"))
U16: =IF(A16="","",IF(OR(L16>=R16,M16>=S16,N16>=T16),"Failed","Passed"))
... U304: =IF(A304="","",IF(OR(L304>=R304,M304>=S304,N304>=T304),"Failed","Passed"))

Sheet Final Inspection
A1: TEXNICA TPCS 1.0 — FINAL INSPECTION
A2: Yellow cells = input | Gray cells = automatic formulas | Use one official record per transaction
A4: Inspection ID | B4: Inspection Date | C4: FGPO | D4: Style | E4: Color | F4: Lot / Shipment | G4: Lot Size | H4: Inspection Level | I4: AQL Major | J4: AQL Minor | K4: Sample Size | L4: Critical Defects | M4: Major Defects | N4: Minor Defects | O4: Critical Ac | P4: Major Ac | Q4: Minor Ac | R4: Critical Re | S4: Major Re | T4: Minor Re | U4: Result | V4: Inspector | W4: Disposition | X4: Report Link | Y4: Last Updated | Z4: Comments
U5: =IF(A5="","",IF(OR(L5>=R5,M5>=S5,N5>=T5),"Failed","Passed"))
U6: =IF(A6="","",IF(OR(L6>=R6,M6>=S6,N6>=T6),"Failed","Passed"))
U7: =IF(A7="","",IF(OR(L7>=R7,M7>=S7,N7>=T7),"Failed","Passed"))
U8: =IF(A8="","",IF(OR(L8>=R8,M8>=S8,N8>=T8),"Failed","Passed"))
U9: =IF(A9="","",IF(OR(L9>=R9,M9>=S9,N9>=T9),"Failed","Passed"))
U10: =IF(A10="","",IF(OR(L10>=R10,M10>=S10,N10>=T10),"Failed","Passed"))
U11: =IF(A11="","",IF(OR(L11>=R11,M11>=S11,N11>=T11),"Failed","Passed"))
U12: =IF(A12="","",IF(OR(L12>=R12,M12>=S12,N12>=T12),"Failed","Passed"))
U13: =IF(A13="","",IF(OR(L13>=R13,M13>=S13,N13>=T13),"Failed","Passed"))
U14: =IF(A14="","",IF(OR(L14>=R14,M14>=S14,N14>=T14),"Failed","Passed"))
U15: =IF(A15="","",IF(OR(L15>=R15,M15>=S15,N15>=T15),"Failed","Passed"))
U16: =IF(A16="","",IF(OR(L16>=R16,M16>=S16,N16>=T16),"Failed","Passed"))
... U304: =IF(A304="","",IF(OR(L304>=R304,M304>=S304,N304>=T304),"Failed","Passed"))

Sheet Packing Control
A1: TEXNICA TPCS 1.0 — PACKING CONTROL
A2: Yellow cells = input | Gray cells = automatic formulas | Use one official record per transaction
A4: Packing Record ID | B4: Date | C4: FGPO | D4: Style | E4: Color | F4: Size | G4: QC Passed Qty | H4: Received by Packing | I4: Folded Qty | J4: Polybagged Qty | K4: Packed Qty | L4: Full Cartons | M4: Partial Cartons | N4: Pcs per Carton | O4: Ready to Ship Qty | P4: Packing Variance | Q4: Pending Packing | R4: Overpacked Qty | S4: Responsible Person | T4: Last Updated | U4: Remarks
P5: =IF(A5="","",K5-G5) | Q5: =IF(A5="","",MAX(0,G5-K5)) | R5: =IF(A5="","",MAX(0,K5-G5))
P6: =IF(A6="","",K6-G6) | Q6: =IF(A6="","",MAX(0,G6-K6)) | R6: =IF(A6="","",MAX(0,K6-G6))
P7: =IF(A7="","",K7-G7) | Q7: =IF(A7="","",MAX(0,G7-K7)) | R7: =IF(A7="","",MAX(0,K7-G7))
P8: =IF(A8="","",K8-G8) | Q8: =IF(A8="","",MAX(0,G8-K8)) | R8: =IF(A8="","",MAX(0,K8-G8))
P9: =IF(A9="","",K9-G9) | Q9: =IF(A9="","",MAX(0,G9-K9)) | R9: =IF(A9="","",MAX(0,K9-G9))
P10: =IF(A10="","",K10-G10) | Q10: =IF(A10="","",MAX(0,G10-K10)) | R10: =IF(A10="","",MAX(0,K10-G10))
P11: =IF(A11="","",K11-G11) | Q11: =IF(A11="","",MAX(0,G11-K11)) | R11: =IF(A11="","",MAX(0,K11-G11))
P12: =IF(A12="","",K12-G12) | Q12: =IF(A12="","",MAX(0,G12-K12)) | R12: =IF(A12="","",MAX(0,K12-G12))
P13: =IF(A13="","",K13-G13) | Q13: =IF(A13="","",MAX(0,G13-K13)) | R13: =IF(A13="","",MAX(0,K13-G13))
P14: =IF(A14="","",K14-G14) | Q14: =IF(A14="","",MAX(0,G14-K14)) | R14: =IF(A14="","",MAX(0,K14-G14))
P15: =IF(A15="","",K15-G15) | Q15: =IF(A15="","",MAX(0,G15-K15)) | R15: =IF(A15="","",MAX(0,K15-G15))
P16: =IF(A16="","",K16-G16) | Q16: =IF(A16="","",MAX(0,G16-K16)) | R16: =IF(A16="","",MAX(0,K16-G16))
... P304: =IF(A304="","",K304-G304) | Q304: =IF(A304="","",MAX(0,G304-K304)) | R304: =IF(A304="","",MAX(0,K304-G304))

Sheet Finished Goods
A1: TEXNICA TPCS 1.0 — FINISHED GOODS
A2: Yellow cells = input | Gray cells = automatic formulas | Use one official record per transaction
A4: FG Record ID | B4: Receipt Date | C4: FGPO | D4: Style | E4: Color | F4: Size | G4: Packed Qty | H4: Warehouse Received | I4: Reserved for Shipment | J4: Ready to Ship | K4: Loaded Qty | L4: Shipped Qty | M4: Warehouse Balance | N4: Warehouse Location | O4: Status | P4: Data Owner | Q4: Last Updated | R4: Remarks
M5: =IF(A5="","",MAX(0,H5-K5-L5))
M6: =IF(A6="","",MAX(0,H6-K6-L6))
M7: =IF(A7="","",MAX(0,H7-K7-L7))
M8: =IF(A8="","",MAX(0,H8-K8-L8))
M9: =IF(A9="","",MAX(0,H9-K9-L9))
M10: =IF(A10="","",MAX(0,H10-K10-L10))
M11: =IF(A11="","",MAX(0,H11-K11-L11))
M12: =IF(A12="","",MAX(0,H12-K12-L12))
M13: =IF(A13="","",MAX(0,H13-K13-L13))
M14: =IF(A14="","",MAX(0,H14-K14-L14))
M15: =IF(A15="","",MAX(0,H15-K15-L15))
M16: =IF(A16="","",MAX(0,H16-K16-L16))
... M304: =IF(A304="","",MAX(0,H304-K304-L304))

Sheet Shipment Control
A1: TEXNICA TPCS 1.0 — SHIPMENT CONTROL
A2: Yellow cells = input | Gray cells = automatic formulas | Use one official record per transaction
A4: Shipment Number | B4: Customer | C4: FGPO | D4: Style | E4: Color | F4: Size | G4: Planned Qty | H4: Actual Loaded Qty | I4: In Transit Qty | J4: Customer Received Qty | K4: Total Shipped Qty | L4: Shipment Variance | M4: Pending to Ship | N4: Over-shipment Qty | O4: Container Type | P4: Container Number | Q4: Booking Number | R4: Planned Loading Date | S4: Actual Loading Date | T4: ETD | U4: ETA | V4: Destination | W4: Shipment Status | X4: Packing List | Y4: Invoice Number | Z4: Load Plan | AA4: Data Owner | AB4: Last Updated | AC4: Remarks
K5: =IF(A5="","",I5+J5) | L5: =IF(A5="","",K5-G5) | M5: =IF(A5="","",MAX(0,G5-K5)) | N5: =IF(A5="","",MAX(0,K5-G5))
K6: =IF(A6="","",I6+J6) | L6: =IF(A6="","",K6-G6) | M6: =IF(A6="","",MAX(0,G6-K6)) | N6: =IF(A6="","",MAX(0,K6-G6))
K7: =IF(A7="","",I7+J7) | L7: =IF(A7="","",K7-G7) | M7: =IF(A7="","",MAX(0,G7-K7)) | N7: =IF(A7="","",MAX(0,K7-G7))
K8: =IF(A8="","",I8+J8) | L8: =IF(A8="","",K8-G8) | M8: =IF(A8="","",MAX(0,G8-K8)) | N8: =IF(A8="","",MAX(0,K8-G8))
K9: =IF(A9="","",I9+J9) | L9: =IF(A9="","",K9-G9) | M9: =IF(A9="","",MAX(0,G9-K9)) | N9: =IF(A9="","",MAX(0,K9-G9))
K10: =IF(A10="","",I10+J10) | L10: =IF(A10="","",K10-G10) | M10: =IF(A10="","",MAX(0,G10-K10)) | N10: =IF(A10="","",MAX(0,K10-G10))
K11: =IF(A11="","",I11+J11) | L11: =IF(A11="","",K11-G11) | M11: =IF(A11="","",MAX(0,G11-K11)) | N11: =IF(A11="","",MAX(0,K11-G11))
K12: =IF(A12="","",I12+J12) | L12: =IF(A12="","",K12-G12) | M12: =IF(A12="","",MAX(0,G12-K12)) | N12: =IF(A12="","",MAX(0,K12-G12))
K13: =IF(A13="","",I13+J13) | L13: =IF(A13="","",K13-G13) | M13: =IF(A13="","",MAX(0,G13-K13)) | N13: =IF(A13="","",MAX(0,K13-G13))
K14: =IF(A14="","",I14+J14) | L14: =IF(A14="","",K14-G14) | M14: =IF(A14="","",MAX(0,G14-K14)) | N14: =IF(A14="","",MAX(0,K14-G14))
K15: =IF(A15="","",I15+J15) | L15: =IF(A15="","",K15-G15) | M15: =IF(A15="","",MAX(0,G15-K15)) | N15: =IF(A15="","",MAX(0,K15-G15))
K16: =IF(A16="","",I16+J16) | L16: =IF(A16="","",K16-G16) | M16: =IF(A16="","",MAX(0,G16-K16)) | N16: =IF(A16="","",MAX(0,K16-G16))
... K304: =IF(A304="","",I304+J304) | L304: =IF(A304="","",K304-G304) | M304: =IF(A304="","",MAX(0,G304-K304)) | N304: =IF(A304="","",MAX(0,K304-G304))

Sheet Open Issues
A1: TEXNICA TPCS 1.0 — OPEN ISSUES
A2: Yellow cells = input | Gray cells = automatic formulas | Use one official record per transaction
A4: Issue ID | B4: Open Date | C4: Priority | D4: FGPO | E4: Style | F4: Color | G4: Area | H4: Issue Type | I4: Description | J4: Quantity Affected | K4: Ship Date Impact | L4: Immediate Action | M4: Corrective Action | N4: Owner | O4: Due Date | P4: Status | Q4: Evidence Link | R4: Closing Date | S4: Verified By | T4: Last Updated

Sheet Lists
A1: General Status | B1: Test Result | C1: Approval | D1: UOM | E1: Fabric Component | F1: Shipment Status | G1: Receiving Status | H1: Risk | J1: Threshold | K1: Value
A2: Not Started | B2: Pending | C2: Pending | D2: Yards | E2: Body Fabric | F2: Planned | G2: Pending | H2: Green | J2: 4-Point Max / 100 sq yd | K2: 40
A3: Pending | B3: Testing | C3: Approved | D3: Meters | E3: Rib | F3: Booking Confirmed | G3: Partially Received | H3: Yellow | J3: Length Shrinkage Limit | K3: 0.05
A4: In Progress | B4: Passed | C4: Conditionally Approved | D4: Kilograms | E4: Shoulder Tape | F4: Exported | G4: Fully Received | H4: Red | J4: Width Shrinkage Limit | K4: 0.05
A5: Partially Completed | B5: Conditionally Passed | C5: Rejected | D5: Pounds | E5: Neck Tape | F5: In Transit | G5: Quantity Difference | H5: Gray | J5: Torque Limit | K5: 0.05
A6: Completed | B6: Failed | C6: On Hold | D6: Rolls | E6: Pocketing | F6: Customs Processing | G6: On Hold | J6: GSM Variance Limit | K6: 0.05
A7: Approved | B7: Retest Required | C7: Released for Cutting | D7: Pieces | E7: Other | F7: Arrived | G7: Closed | J7: Receiving Tolerance | K7: 0
A8: Conditionally Approved | B8: On Hold | F8: Delivered
A9: Rejected | F9: Closed
A10: On Hold
A11: Closed
A12: Cancelled
A13: FGPO Pending
